dam_idx,water_start_idx,crest_elevation_m,ponded_length_m,mean_centreline_depth_m,max_centreline_depth_m,upstream_bed_rise_m,dam_chainage_m,lon,lat,bed_elevation_m
174,116,693.5,1734.2352039392154,3.453567350764302,7.5,1.0,5155.925804130925,25.444471670296064,-32.93404529947786,692.0
173,116,694.5,1704.2352039392426,4.496757997426643,8.5,0.0,5125.925804130952,25.44416011248799,-32.933980752899075,693.0
172,116,694.5,1674.2352039392135,4.5504557931194825,8.5,0.0,5095.925804130923,25.44384855516331,-32.93391620555603,693.0
242,186,685.5,1662.9175719664036,4.760159012098628,9.5,1.0,7178.714759786581,25.455947329118818,-32.94341369941597,684.0
241,186,685.5,1633.0906193289948,4.8197029267432665,9.5,1.0,7148.887807149173,25.456231668127142,-32.94329175245835,684.0
404,350,660.5,1617.211063535833,8.315826332809632,13.5,0.0,12020.31374631209,25.465309941415633,-32.95739905778582,659.0
403,350,660.5,1587.483113800752,8.443462677954551,13.5,0.0,11990.585796577008,25.46504691425549,-32.957248388836426,659.0
402,355,657.5,1407.5194993813657,6.139444510531629,10.5,0.0,11960.585796577117,25.464732207751744,-32.95719545700252,656.0
401,364,654.5,1108.411526327076,4.0270979502316795,7.5,1.0,11931.275940224721,25.46441872034299,-32.95719131867996,653.0
171,135,692.5,1076.0021320272863,3.8426378313838017,6.5,1.0,5065.957785252328,25.4435337691092,-32.93386548891711,691.0
170,135,692.5,1046.0021320273836,3.9098261599630844,6.5,1.0,5035.957785252425,25.443216448926226,-32.93382562726735,691.0
169,137,691.5,956.0093562686079,3.16804887660449,5.5,1.0,5005.957785252342,25.44289912906111,-32.93378576481968,690.0
483,452,639.5,928.1090093461662,2.805286227193236,6.5,1.0,14386.50521944269,25.47632693719492,-32.97212193441694,638.0
482,452,639.5,898.1091912264656,2.848887105340883,6.5,1.0,14356.50540132299,25.476249322600868,-32.97185942052783,638.0
481,452,639.5,868.1091912262473,2.895501763461666,6.5,1.0,14326.505401322771,25.476169622371465,-32.97159734938081,638.0
61,32,705.5,857.931667952731,1.7566187553128412,3.5,1.0,1785.9794894019637,25.426229521460236,-32.9329255354137,704.0
349,321,662.5,835.9993447727993,1.3037022355313599,2.5,1.0,10373.102682775954,25.451969391703976,-32.966184950190204,661.0
60,32,705.5,827.9395232575566,1.765914780716431,3.5,1.0,1755.9873447067894,25.42604726471752,-32.93270297704496,704.0
477,450,640.5,807.9912646086996,3.8142312724080956,7.5,1.0,14206.636696633475,25.476160271585147,-32.97051913172283,639.0
348,321,662.5,806.0019793595311,1.296396526710083,2.5,1.0,10343.105317362686,25.4516827472663,-32.96630658116037,661.0
232,205,682.5,805.7064735255335,2.7390382356174707,5.5,1.0,6889.7274620581375,25.454722976838227,-32.94219601779494,681.0
478,452,639.5,778.240486537079,2.979637174895342,6.5,1.0,14236.636696633603,25.476136083945136,-32.970788907331375,638.0
476,450,640.5,778.0872358760262,3.903173533986551,7.5,1.0,14176.732667900802,25.476160147058994,-32.970249452268625,639.0
347,321,662.5,776.0019793594201,1.2885252784901207,2.5,1.0,10313.105317362575,25.45139753754639,-32.96643063802431,661.0
231,205,682.5,775.7768477723857,2.7868405782529293,5.5,1.0,6859.79783630499,25.45440539044503,-32.94222977900216,681.0
51,25,706.5,757.7267342947373,2.0606680329023788,3.5,1.0,1486.6705832142127,25.424784079663226,-32.930572290458954,705.0
230,205,682.5,745.7768477723312,2.838605683945032,5.5,1.0,6829.797836304935,25.45409736037303,-32.94230549959676,681.0
50,25,706.5,727.7746498874071,2.083742725389375,3.5,1.0,1456.7184988068825,25.42466863451316,-32.93032033608431,705.0
229,205,683.5,715.7768477723321,3.9156662520397036,6.5,0.0,6799.797836304936,25.45378932980462,-32.9423812194152,682.0
87,63,702.5,715.1816186906508,1.913463595774997,3.5,0.0,2561.0224417043887,25.429899756068334,-32.93820886994538,701.0
340,316,663.5,713.870829184867,1.8826666537573944,3.5,0.0,10104.971830654174,25.449419311604935,-32.966189294590734,662.0
161,138,690.5,688.8818362979218,1.760797471561045,2.5,0.0,4768.830128682879,25.44291449788798,-32.93559300480893,689.0
344,321,662.5,686.8578200687734,1.174347622483246,2.5,1.0,10223.961158071928,25.450494149024408,-32.96666963796751,661.0
228,205,683.5,685.776847772333,4.021342009097702,6.5,0.0,6769.797836304937,25.45348129873981,-32.94245693845748,682.0
86,63,702.5,685.4570280779894,1.9313932917504133,3.5,0.0,2531.2978510917274,25.4295891588972,-32.938151779786544,701.0
339,316,663.5,684.3472553444935,1.8991753591262321,3.5,0.0,10075.448256813801,25.449208229525446,-32.96599123982478,662.0
160,138,690.5,658.8818362981938,1.7726720197967618,2.5,0.0,4738.830128683151,25.443065632085904,-32.93583164931922,689.0
343,321,662.5,656.8578200687243,1.1594744322325818,2.5,1.0,10193.96115807188,25.450175935208645,-32.96663444405064,661.0
227,205,682.5,655.816226307963,3.113685962106524,5.5,1.0,6739.837214840567,25.453161607819176,-32.94247531195104,681.0
85,63,702.5,655.4570280779931,1.9511379862126272,3.5,0.0,2501.297851091731,25.42926869530496,-32.93813875461069,701.0
338,316,663.5,654.3472553437805,1.9174764380660072,3.5,0.0,10045.448256813088,25.449074376786637,-32.965745350138334,662.0
400,379,652.5,628.9368776933843,3.0960292156506366,5.5,1.0,11901.421452013528,25.464115985631228,-32.957277034514846,651.0
300,279,670.5,628.7807927965332,1.9048289091757202,3.5,1.0,8911.915103180918,25.450470183428546,-32.95709698180543,669.0
342,321,662.5,627.8525472906131,1.1437429726348822,2.5,1.0,10164.955885293768,25.44987526449162,-32.96656978962777,661.0
449,429,643.5,599.3946263146518,2.6753454949274142,5.5,1.0,13368.68913499605,25.477317522921947,-32.9634360513418,642.0
299,279,670.5,598.7807927964077,1.9251115692433618,3.5,1.0,8881.915103180792,25.45044165915095,-32.95682750946747,669.0
136,116,693.5,598.2650530329083,1.2263083321143102,3.5,1.0,4019.955653224618,25.440873826674387,-32.94185817013576,692.0
341,321,662.5,597.8525472908041,1.1258661385069397,2.5,1.0,10134.955885293959,25.449651661689703,-32.96637571542514,661.0
448,429,643.5,569.3946263147664,2.737271553267479,5.5,1.0,13338.689134996164,25.477125403952076,-32.963219337304565,642.0
399,380,651.5,569.3318505237548,2.263440355746297,4.5,1.0,11871.800067855289,25.463840847874454,-32.95740952773949,650.0
298,279,670.5,568.7810072407428,1.9475336539335684,3.5,1.0,8851.915317625127,25.450414827262236,-32.95655791554639,669.0
135,116,693.5,568.2650530333322,1.2118595287036011,3.5,1.0,3989.9556532250417,25.44067340791546,-32.94206943886118,692.0
82,63,702.5,566.2107532519485,1.9169444414947738,3.5,0.0,2412.0515762656864,25.428445242768692,-32.93776840481809,701.0
81,62,703.5,566.1463523900672,2.8906609013553,4.5,1.0,2382.108410623425,25.428230011929465,-32.93756846400898,702.0
114,95,697.5,561.3081032871978,2.062669935852563,4.5,1.0,3361.7054525297553,25.435057439833592,-32.94185701520148,696.0
447,429,643.5,539.3946263149173,2.8060860070773446,5.5,1.0,13308.689134996315,25.476933285911137,-32.96300262299175,642.0
398,380,651.5,539.3412294130449,2.3058922381561215,4.5,1.0,11841.809446744579,25.46362121905885,-32.957606668658265,650.0
297,279,670.5,538.8319928960482,1.9724081825400683,3.5,1.0,8821.966303280433,25.450401538405284,-32.9562880645691,669.0
134,116,694.5,538.6168531449594,2.2235213503094142,4.5,0.0,3960.307453336669,25.440408062310375,-32.94221581908715,693.0
204,186,685.5,538.2238007124224,2.196857626707296,4.5,1.0,6054.0209885326,25.452748175653454,-32.9370676706958,684.0
203,185,686.5,538.2238007123651,3.141118731548495,5.5,1.0,6024.020988532597,25.452674835130384,-32.936804289919415,685.0
80,62,703.5,536.1463523899058,2.9684751527344524,4.5,1.0,2352.1084106232634,25.428036356392557,-32.93735276476759,702.0
115,97,696.5,535.0000167740841,1.195587419280504,3.5,1.0,3391.7054525294993,25.435337318352506,-32.941989300930466,695.0
334,316,663.5,534.7198861479519,1.7307649550926285,2.5,0.0,9925.82088761726,25.44898744068876,-32.96469190380824,662.0
113,95,697.5,532.8488646208284,2.0927219056662056,4.5,1.0,3333.246213863386,25.434753302934695,-32.94186708431742,696.0
397,380,651.5,509.3412294132231,2.3533589770501875,4.5,1.0,11811.809446744757,25.463391413803144,-32.957795506604,650.0
296,279,670.5,508.8319928960864,2.000260687245051,3.5,1.0,8791.966303280471,25.450415823530946,-32.956017789511456,669.0
202,185,686.5,508.7862530976363,3.236071200305766,5.5,1.0,5994.583440917868,25.45256065911914,-32.93655689224362,685.0
133,116,694.5,508.6605922969684,2.2661312843738672,4.5,0.0,3930.351192488678,25.440131100572284,-32.94235161937564,693.0
79,62,703.5,506.1481539177141,3.0555081859328146,4.5,1.0,2322.1102121510717,25.42784752327399,-32.937134066752485,702.0
333,316,663.5,505.0709158313166,1.7443114553744743,2.5,0.0,9896.171917300624,25.449092719948265,-32.96443968537554,662.0
112,95,697.5,502.8488646208375,2.1280837378608326,4.5,1.0,3303.246213863395,25.434440574289734,-32.94192756847432,696.0
49,32,705.5,498.6706773581693,1.4618632212954799,2.5,1.0,1426.718498807402,25.424592309918886,-32.93005756243826,704.0
396,380,651.5,479.4764146689304,2.4065115555301535,4.5,1.0,11781.944632000464,25.463135985975352,-32.957957263228685,650.0
295,279,670.5,479.44708040159094,2.03092124837897,3.5,1.0,8762.581390785976,25.450474803777645,-32.955757500196356,669.0
337,321,662.5,478.6950604853464,1.2193696720791398,2.5,1.0,10015.798398488501,25.448976954862992,-32.96549088919887,661.0
132,116,694.5,478.6605922967087,2.314148478396741,4.5,0.0,3900.3511924884183,25.43987847333433,-32.942518406243,693.0
24,8,708.5,469.41383602367705,1.436418192814605,2.5,0.0,698.9438489193609,25.421007246064985,-32.931473106047015,707.0
78,63,702.5,446.2728223979202,2.2305990295224376,3.5,0.0,2292.113645411658,25.427662159313357,-32.936913286747924,701.0
22,7,709.5,439.8734817193823,2.398047548042054,3.5,1.0,639.4034946146606,25.42087721844423,-32.93095373086358,708.0
23,8,708.5,439.87348171907695,1.4321482625059105,2.5,0.0,669.4034946147608,25.42098961535125,-32.93120712478892,707.0
378,364,654.5,419.6201604224807,2.67852922152194,4.5,1.0,11242.484574320126,25.459204309638352,-32.96135897822032,653.0
379,365,653.5,419.6201604219823,1.7142758357587586,3.5,0.0,11272.484574320144,25.459482718582002,-32.961224412373696,652.0
151,137,691.5,419.47810386923356,2.3928093058370283,3.5,1.0,4469.426532852967,25.442593604224435,-32.938164514171056,690.0
152,138,690.5,419.46955291325503,1.4285765992949082,2.5,0.0,4499.417845298212,25.442687212331602,-32.937905823903385,689.0
111,97,696.5,416.5546254001297,1.3213717571866097,3.5,1.0,3273.260061155545,25.434133935172795,-32.94200676761581,695.0
21,7,709.5,410.0273017070633,2.463417070185811,3.5,1.0,609.5573146023416,25.4207794431515,-32.9306975175335,708.0
377,364,654.5,389.68902232919754,2.7690494026281547,4.5,1.0,11212.553436226843,25.458934884163863,-32.96150482083465,653.0
150,137,691.5,389.4887941857851,2.4615525794836635,3.5,1.0,4439.437223169519,25.442510515301684,-32.938425727791106,690.0
428,415,646.5,389.10466837630156,2.8482259435497537,4.5,1.0,12739.312864577647,25.471234796353393,-32.96139228635703,645.0
268,255,676.5,388.2891747562262,3.389315811010615,5.5,1.0,7953.98320932171,25.45280843184735,-32.94877271124494,675.0
20,7,709.5,380.0273017071223,2.539470848363549,3.5,1.0,579.5573146024007,25.420750088853598,-32.93042811085683,708.0
38,25,706.5,375.9869657890906,1.3143025348020716,1.5,1.0,1104.930814708566,25.42403638611337,-32.93171782673592,705.0
376,364,654.5,359.6890223289993,2.8748949517432822,4.5,1.0,11182.553436226644,25.45868179761763,-32.96167117322343,653.0
395,383,650.5,359.6852549151572,1.832966189368724,3.5,0.0,11751.948774241222,25.462939444221416,-32.95817108399068,649.0
149,137,691.5,359.6181827363398,2.541421075763304,3.5,1.0,4409.5666117200735,25.44241348574152,-32.938682377952325,690.0
427,415,647.5,359.52810369475264,4.000270174873398,5.5,0.0,12709.736299896098,25.4709367183698,-32.96130285140337,646.0
462,450,640.5,359.16655824542795,1.7078793432999544,2.5,1.0,13757.811990270204,25.477023346112176,-32.96670259930538,639.0
282,270,671.5,359.0928626333525,1.0410284055329346,1.5,1.0,8373.076071955085,25.45163538805131,-32.952399245920155,670.0
475,463,637.5,358.920677631515,3.2927451699898613,4.5,1.0,14146.732667901526,25.47613295698016,-32.96997987986746,636.0
201,189,684.5,358.84304289916327,1.8778896595569254,3.5,1.0,5964.58344091753,25.452369449221173,-32.93633964567937,683.0
128,116,693.5,358.7946503712442,0.8758502671343998,1.5,1.0,3780.4852505629538,25.438991981323127,-32.943297598727916,692.0
267,255,676.5,358.46183701462087,3.5465243475312547,5.5,1.0,7924.155871580105,25.452861616051393,-32.94850748859446,675.0
320,308,664.5,355.67839210679267,1.2052270151248519,2.5,1.0,9507.103338002735,25.452216567302838,-32.962194249220595,663.0
37,25,706.5,348.77911892134557,1.2998164950057125,1.5,1.0,1077.722967840821,25.42375778428607,-32.93178855829728,705.0
319,308,664.5,329.6625757806778,1.1819645631639277,2.5,1.0,9481.08752167662,25.45228373554778,-32.96196657136919,663.0
148,137,691.5,329.62174389290885,2.6361931112499652,3.5,1.0,4379.570172876643,25.442276604185697,-32.93892702812384,690.0
426,415,647.5,329.52810369468716,4.227892961535205,5.5,0.0,12679.736299896033,25.47067362327714,-32.961147926317715,646.0
294,283,669.5,329.50531883045915,1.5454775214313798,2.5,1.0,8732.58139078592,25.450621156304678,-32.95551673148161,668.0
461,450,640.5,329.16655824562076,1.7268253150055763,2.5,1.0,13727.811990270397,25.477116128952346,-32.96644360619156,639.0
281,270,671.5,329.0928626338964,0.9991887019199153,1.5,1.0,8343.07607195563,25.451695104598716,-32.95213342842801,670.0
332,321,662.5,329.0685792976783,1.0907695209291444,1.5,1.0,9866.171917300833,25.44928275775827,-32.96422167303638,661.0
200,189,684.5,328.92386869113216,1.9122628006752247,3.5,1.0,5934.664266709499,25.452163723398034,-32.936132994134375,683.0
127,116,694.5,328.86546572107,1.864551725127086,2.5,0.0,3750.5560659127796,25.43868301737061,-32.94336816549174,693.0
226,215,680.5,328.124597506825,2.4537996984492008,3.5,1.0,6709.837214840601,25.452841255410075,-32.94249043161571,679.0
106,95,697.5,323.6409407857668,1.5550533823242279,2.5,1.0,3124.0382900283244,25.432580577646213,-32.94197530109982,696.0
19,8,708.5,320.0273017067758,1.6874840042711146,2.5,0.0,549.5573146024597,25.420720734699284,-32.93015870416745,707.0
36,25,706.5,319.0621961033587,1.2811717359587265,1.5,1.0,1048.006045022834,25.423441340515282,-32.93176396401785,705.0
375,365,653.5,299.7080266670091,2.100037638296818,3.5,0.0,11152.57244056517,25.458425407445848,-32.96183360603577,652.0
293,283,669.5,299.700635532703,1.5500001782519766,2.5,1.0,8702.776707488163,25.45068996768354,-32.95525428494722,668.0
318,308,664.5,299.66257578070326,1.1501252082487636,2.5,1.0,9451.087521676645,25.452233300160596,-32.96169939005796,663.0
425,415,646.5,299.5281036945744,3.4510332546225615,4.5,1.0,12649.73629989592,25.470410529114872,-32.9609930007008,645.0
474,464,636.5,299.3392359180034,2.6491083026625883,3.5,1.0,14116.80107303544,25.476078053372724,-32.96971394884339,635.0
62,52,704.5,299.3302533880071,1.4993056681690342,2.5,0.0,1815.9620582333575,25.426407334261967,-32.93315053221557,703.0
162,152,689.5,299.2894323645032,1.25030099054272,1.5,1.0,4798.707277662716,25.44280808733953,-32.93533895053389,688.0
460,450,640.5,299.17760337933396,1.7495618235456518,2.5,1.0,13697.82303540411,25.477210462993725,-32.966185115833966,639.0
280,270,671.5,299.1511010632594,0.949062954678142,1.5,1.0,8313.134310384992,25.451778069210462,-32.951872627438064,670.0
331,321,662.5,299.06860622865133,1.0497190626213793,1.5,1.0,9836.171944231806,25.4494725256736,-32.96400349425549,661.0
126,116,694.5,298.86546572094403,1.901145286472411,2.5,0.0,3720.5560659126536,25.438372620638567,-32.943436678099005,693.0
266,256,675.5,298.46183701505197,2.9579386244091834,4.5,1.0,7894.155871580533,25.452891044027062,-32.948238084976175,674.0
107,97,696.5,297.19074375874743,0.7491819185485625,1.5,1.0,3153.8961795141627,25.4328859039159,-32.942054164811516,695.0
254,244,678.5,297.02249624409615,2.454667172840927,3.5,1.0,7535.715551284109,25.453162748166594,-32.94508429898078,677.0
255,245,677.5,297.0009795255464,1.5052049958795308,2.5,0.0,7565.694034565484,25.45308063451332,-32.9453456329369,676.0
42,32,705.5,296.14441867300866,0.8528060003980515,1.5,1.0,1224.1922401222414,25.423881085962524,-32.93073694368764,704.0
105,95,697.5,293.64094078597464,1.560677943617672,2.5,1.0,3094.038290028532,25.432280806913393,-32.94187885815531,696.0
18,8,708.5,291.4321043185613,1.7058798571295395,2.5,0.0,520.9621172142452,25.420762923289075,-32.929903297278884,707.0
240,230,681.5,289.0899708444822,3.452052478666204,5.5,1.0,7118.887807149417,25.456497892228906,-32.943140743511385,680.0
35,25,706.5,289.0621961033406,1.2584608868413443,1.5,1.0,1018.006045022816,25.423129141629364,-32.931701696020674,705.0
446,437,642.5,269.81868624734125,3.2221216749346127,4.5,1.0,13278.828732524265,25.4766817002909,-32.962836689139536,641.0
125,116,694.5,269.78283374389457,1.9443888115473982,2.5,0.0,3691.473433935604,25.438073496260316,-32.943364768763175,693.0
292,283,669.5,269.7464566159433,1.5555524820858022,2.5,1.0,8672.822528571403,25.450759586115712,-32.954990608426286,668.0
374,365,652.5,269.70802666687086,1.1111649643390098,2.5,1.0,11122.572440565033,25.458155768250222,-32.96198031778073,651.0
315,306,665.5,269.6849705983859,1.555091161459886,2.5,1.0,9361.114881024543,25.45197415431508,-32.96092010241191,664.0
147,138,690.5,269.6218804922455,1.8334005165798972,2.5,0.0,4349.570172877203,25.442214169685844,-32.93919239945775,689.0
473,464,636.5,269.3392359174213,2.77710023433613,3.5,1.0,14086.801073034858,25.47600662022586,-32.969450189701284,635.0
459,450,640.5,269.1776033791557,1.7773756335076503,2.5,1.0,13667.823035403931,25.477347372786287,-32.96594042222598,639.0
278,269,672.5,269.1511010629183,1.776193101364397,2.5,1.0,8253.134310384648,25.451976243343758,-32.95135798334231,671.0
279,270,671.5,269.15110106265183,0.8876546554189719,1.5,1.0,8283.134310384385,25.45187715657826,-32.95161530544311,670.0
330,321,662.5,269.06860622918066,0.999514661928069,1.5,1.0,9806.171944232336,25.4496618452539,-32.96378503882,661.0
225,216,679.5,268.12459750666494,1.6672377136082925,2.5,1.0,6679.837214840569,25.452520902925997,-32.94250555045538,678.0
214,205,682.5,267.71801337975285,1.6646519510519717,2.5,1.0,6351.739001912357,25.45237268560401,-32.93966169267052,681.0
253,244,678.5,267.02249624375145,2.561924110321628,3.5,1.0,7505.715551283764,25.45326311690972,-32.94482733196783,677.0
77,68,701.5,266.4104754114344,1.9487911685577153,2.5,0.0,2262.1136454117363,25.427485640782088,-32.9366873739295,700.0
41,32,705.5,266.21353354462667,0.7800407694199776,1.5,1.0,1194.2613549938594,25.424030411065132,-32.930975686807265,704.0
325,316,663.5,265.6771288651653,1.176264657037896,1.5,0.0,9656.778130334473,25.45100349041174,-32.96305952922759,662.0
104,95,697.5,264.32090639361695,1.5674086991148495,2.5,1.0,3064.7182556361745,25.432006623095454,-32.94175055280177,696.0
48,39,704.5,262.4657667094541,1.10108462264084,1.5,1.0,1396.9563764609104,25.424428094248306,-32.92982765306571,703.0
17,8,708.5,261.5268851359893,1.729421919543253,2.5,0.0,491.05689803167314,25.420939268094166,-32.92967832011706,707.0
34,25,706.5,259.0769912116871,1.2305054911748383,1.5,1.0,988.0208401311625,25.4228084908075,-32.9317006015978,705.0
363,355,657.5,239.80768472528507,2.8754952163781593,3.5,0.0,10792.873981921037,25.455431257538645,-32.963839559211436,656.0
124,116,694.5,239.7848424545473,1.999983533721754,2.5,0.0,3661.475442646257,25.437776239557813,-32.94326298057637,693.0
388,380,651.5,239.7490788524883,1.5632265505190819,2.5,1.0,11542.217296184022,25.461717955591883,-32.95972509530037,650.0
291,283,669.5,239.7464566163817,1.5625038860234062,2.5,1.0,8642.822528571842,25.450847510789306,-32.954730418511076,668.0
437,429,643.5,239.71553759552626,1.3126374197510273,2.5,1.0,13009.010046276924,25.474032848967415,-32.96195222475995,642.0
314,306,665.5,239.68500331210998,1.5619865993000555,2.5,1.0,9331.114913738267,25.451854979992497,-32.96066890551985,664.0
146,138,690.5,239.68405569236802,1.875044030265966,2.5,0.0,4319.632348077325,25.442181850410112,-32.93946100297236,689.0
424,416,644.5,239.65655796802457,1.8138016751020434,2.5,1.0,12619.864754169375,25.470190711310533,-32.960797479082274,643.0
329,321,662.5,239.6549923753082,0.9380885162522934,1.5,1.0,9776.758330378463,25.44989926307981,-32.963610960750415,661.0
224,216,679.5,239.30389391373683,1.6873790848774164,2.5,1.0,6651.016511247641,25.45233082456427,-32.94230094150613,678.0
277,269,672.5,239.20572966604777,1.8107687990667767,2.5,1.0,8223.188938987778,25.45208191773417,-32.95110305303802,671.0
458,450,640.5,239.1934708248882,1.812146096655058,2.5,1.0,13637.838902849664,25.477490189400605,-32.9656982996127,639.0
197,189,684.5,238.93525261317882,1.5653978137972206,3.5,1.0,5844.675650631546,25.45146099519242,-32.935578859915594,683.0
215,207,681.5,238.36206399721505,0.870850395685274,1.5,0.0,6381.712617333776,25.45232290839343,-32.93992872011025,680.0
213,205,682.5,237.71801337980196,1.6854310180705874,2.5,1.0,6321.739001912406,25.452375749179897,-32.939391160884355,681.0
252,244,678.5,237.0224962443126,2.6963321256528623,3.5,1.0,7475.715551284326,25.45336348504427,-32.944570364846825,677.0
40,32,705.5,236.4427883020087,0.68938999088453,1.5,1.0,1164.4906097512414,25.42418587432836,-32.93120997371603,704.0
76,68,700.5,236.41520409992222,0.9422940280776656,1.5,1.0,2232.118374100224,25.427308717124628,-32.93646173795561,699.0
324,316,663.5,235.96380116020737,1.1354988519109523,1.5,0.0,9627.064802629515,25.451279342302463,-32.962926395055476,662.0
47,39,704.5,233.94884172397428,1.0524592915305138,1.5,1.0,1368.4394514754306,25.424157204587036,-32.92970955599353,703.0
31,23,707.5,233.36390823357863,1.8089748666618537,2.5,1.0,902.7674028483394,25.42196532508958,-32.9318856561024,706.0
16,8,708.5,231.5268851356023,1.759149169501094,2.5,0.0,461.05689803128615,25.4211596419627,-32.929481714380735,707.0
33,25,706.5,229.10397252981784,1.1952482939360325,1.5,1.0,958.0478214492932,25.422488032467097,-32.93170603505142,705.0
390,383,650.5,209.9523570589772,1.0713348543520091,1.5,0.0,11602.215876385042,25.462191592625793,-32.959359956217504,649.0
159,152,689.5,209.82488275997002,1.4285118151717175,1.5,1.0,4709.242728058182,25.443177975290943,-32.93608108785522,688.0
445,438,641.5,209.8186862472994,2.6430913324798055,3.5,0.0,13248.828732524184,25.476422178542354,-32.962677532325486,640.0
362,355,657.5,209.80768472574528,3.072174649472576,3.5,0.0,10762.873981921497,25.45524009101668,-32.96405686935453,656.0
123,116,694.5,209.78484245450773,2.0714830083080797,2.5,0.0,3631.4754426462173,25.43747608299887,-32.943167383607495,693.0
387,380,651.5,209.7490788525629,1.5722697202242564,2.5,1.0,11512.217296184097,25.461486751849485,-32.95991272057396,650.0
485,478,638.5,209.73698348746439,0.9996868519809486,1.5,1.0,14446.373680121067,25.4764980417009,-32.97264199561683,637.0
436,429,644.5,209.73475369164407,2.357327747685917,3.5,0.0,12979.029262373042,25.47371777362252,-32.961901718779984,643.0
145,138,690.5,209.6943780250931,1.9286813746937985,2.5,0.0,4289.64267041005,25.442156973704154,-32.9397306383479,689.0
313,306,665.5,209.68500331168798,1.570855130428453,2.5,1.0,9301.114913737845,25.45173417217746,-32.960418263580166,664.0
223,216,679.5,209.67611068365022,1.7138562400025232,2.5,1.0,6621.388728017554,25.45219185629651,-32.942060820171044,678.0
328,321,662.5,209.65499237502263,0.8576833500235879,1.5,1.0,9746.758330378178,25.450174394844304,-32.96347167887532,661.0
59,52,704.5,209.35687636443072,1.7855169000153877,2.5,0.0,1725.9886812097811,25.425863621022977,-32.93248115952987,703.0
472,465,634.5,209.33923591769235,0.9998296899766194,1.5,1.0,14056.80107303518,25.475935187473333,-32.96918643051994,633.0
196,189,684.5,209.21953010105244,1.5746863505163275,3.5,1.0,5814.95992811942,25.451215449489595,-32.935408743985995,683.0
89,82,701.5,208.8526412230658,1.000376306401499,1.5,1.0,2620.9042174887522,25.43048318710106,-32.93842607958916,700.0
212,205,682.5,207.7344343923578,1.71219540883375,2.5,1.0,6291.755422924962,25.452382966867557,-32.93912083334353,681.0
46,39,704.5,207.61640898820156,0.9956967472801577,1.5,1.0,1342.1070187396579,25.423879745732894,-32.92975006199343,703.0
251,244,678.5,207.1224988568374,2.869033438301169,3.5,1.0,7445.81555389685,25.45341482012848,-32.944304219536164,677.0
39,32,705.5,206.44278830222356,0.5715931888102964,1.5,1.0,1134.4906097514563,25.424180278074214,-32.931480474443624,704.0
75,68,700.5,206.4152041004943,0.8612380844020955,1.5,1.0,2202.1183741007962,25.427083505746474,-32.936269055432504,699.0
323,316,663.5,205.96380115980173,1.0824068309769674,1.5,0.0,9597.06480262911,25.451491794627724,-32.962723620881384,662.0
30,23,707.5,204.74188584526553,1.8521682050181543,2.5,1.0,874.1453804600263,25.422058381817678,-32.932131552516445,706.0
15,8,708.5,203.82598377218136,1.7943687497033216,2.5,0.0,433.3559966678652,25.42143334560097,-32.92938618588786,707.0
32,25,706.5,199.10397252975736,1.1493298169424553,1.5,1.0,928.0478214492327,25.422169184436406,-32.931735922499705,705.0
361,355,656.5,179.96698721835492,2.249954140503253,2.5,1.0,10733.033284414107,25.455023660274662,-32.96425468414055,655.0
389,383,650.5,179.95235705852065,0.999871748339714,1.5,0.0,11572.215876384585,25.461954334714385,-32.95954212996553,649.0
158,152,689.5,179.93205162712184,1.4166351972054299,1.5,1.0,4679.349896925334,25.44321908585164,-32.936348426490134,688.0
265,259,673.5,179.9292767153629,1.8331963546791457,2.5,0.0,7864.290681910745,25.452971812081298,-32.94797750849736,672.0
444,438,640.5,179.8948503186857,1.7500635970340646,2.5,1.0,13218.90489659557,25.4761552069317,-32.96252862931077,639.0
484,478,638.5,179.86852280939638,0.9166062586958027,1.5,1.0,14416.505219442999,25.47640398913598,-32.972384567780196,637.0
122,116,693.5,179.85496092583935,1.0833785821580322,1.5,1.0,3601.545561117549,25.437184365241418,-32.94305626209212,692.0
371,365,652.5,179.8172956669623,0.5834180046161991,1.5,1.0,11032.681709565124,25.457388930144386,-32.962468535030155,651.0
386,380,651.5,179.74911123471065,1.5843314725833426,2.5,1.0,11482.217328566245,25.46125497208642,-32.960099840045615,650.0
435,429,644.5,179.7347536915022,2.5004265747210312,3.5,0.0,12949.0292623729,25.473406014035287,-32.9618375193315,643.0
144,138,689.5,179.69437802490665,0.9167747208367547,1.5,1.0,4259.642670409864,25.442121253165354,-32.93999949959279,688.0
222,216,679.5,179.67611068327642,1.7495631972366148,2.5,1.0,6591.38872801718,25.452106871018866,-32.94179993918041,678.0
327,321,662.5,179.6549923752773,0.7504249919653985,1.5,1.0,9716.758330378432,25.450449525761137,-32.963332396365345,661.0
471,465,634.5,179.53780290124996,0.9168065508376518,1.5,1.0,14026.999640018737,25.47594387696936,-32.968917776069404,633.0
192,186,685.5,179.47199377694233,1.0824239279847039,1.5,1.0,5695.26918159712,25.44995402040332,-32.935250107581155,684.0
58,52,704.5,179.37528576042132,1.8332394765704465,2.5,0.0,1696.0070906057717,25.425677736097818,-32.93226086284306,703.0
276,270,671.5,179.20572966587588,0.9148175255150994,1.5,1.0,8193.188938987609,25.452235563442585,-32.95086553915526,670.0
88,82,701.5,178.97086543874002,0.9169569009466075,1.5,1.0,2591.0224417044265,25.430203790659018,-32.93829527136542,700.0
45,39,704.5,178.42054118791543,0.9131750208038564,1.5,1.0,1312.9111509393717,25.42370619628498,-32.92996892510192,703.0
103,97,696.5,178.01281988071514,0.7478788605860291,1.5,1.0,3034.7182556361304,25.431789126228637,-32.9415516576451,695.0
211,205,682.5,177.7344343917066,1.7480121164230125,2.5,1.0,6261.755422924311,25.452417212363052,-32.93885183472788,681.0
168,162,688.5,177.73045541857118,2.0842706423717545,2.5,1.0,4976.437733081287,25.442625572999408,-32.93391863646335,687.0
14,8,708.5,177.44319435627818,1.8381363834084046,2.5,0.0,406.97320725196204,25.421658768339487,-32.929243123982296,707.0
74,68,700.5,176.4152041004129,0.7526144679416802,1.5,1.0,2172.118374100715,25.426858295344992,-32.93607637252701,699.0
322,316,663.5,176.00233653364376,1.0113185533539195,1.5,0.0,9567.103338002951,25.45170740507984,-32.96252369941265,662.0
101,95,697.5,175.1952914317926,1.264216913734863,1.5,1.0,2975.59264067435,25.43155698690574,-32.94107048671775,696.0
6,0,711.5,170.81525042912574,1.2133115991343988,2.0,-0.5,170.81525042912574,25.420230927588033,-32.927501792891846,710.0
13,8,708.5,149.9999999998122,1.9000000000009443,2.5,0.0,379.53001289549604,25.421516636124,-32.92902660361523,707.0
250,245,677.5,149.9975848874401,2.2999967797973357,2.5,0.0,7418.690639927378,25.453503400894824,-32.94407128507065,676.0
423,418,643.5,149.95719031358203,1.1999161811355938,1.5,1.0,12589.900398825293,25.469987944026517,-32.96058819239828,642.0
157,152,689.5,149.93205162766208,1.3999546805537746,1.5,1.0,4649.349896925874,25.443135466769746,-32.93660961939124,688.0
284,279,670.5,149.92933054855712,0.8000584929784575,1.5,1.0,8433.063640932942,25.451487924839444,-32.95292517919421,669.0
264,259,672.5,149.92927671576672,0.7998198889936279,1.5,1.0,7834.290681911149,25.453069844759746,-32.94771990040202,671.0
443,438,640.5,149.89485031834556,1.8001113998449985,2.5,1.0,13188.90489659523,25.47586911066613,-32.96240604756826,639.0
185,180,687.5,149.88690058295924,1.7005281955360287,2.5,0.0,5485.797187820232,25.447806615248943,-32.934932729126785,686.0
275,270,671.5,149.8680523272833,0.8002641276825461,1.5,1.0,8163.851261649016,25.452321531559495,-32.95061109052389,670.0
121,116,693.5,149.85496092605172,0.9999736520981043,1.5,1.0,3571.5455611177613,25.43690253709583,-32.94292694722738,692.0
370,365,653.5,149.8172956669241,1.5,1.5,0.0,11002.681709565086,25.45711938424825,-32.96261537089536,652.0
290,285,668.5,149.8132300514153,0.8003728400132821,1.5,1.0,8612.876870983859,25.450952526739574,-32.95447529120899,667.0
288,283,669.5,149.80114826371937,1.1996847520952671,1.5,1.0,8552.87722021918,25.451203583303016,-32.95397732899869,668.0
143,138,689.5,149.77378647717887,0.8002627078296461,1.5,1.0,4229.722078862136,25.442023113086705,-32.94025632330125,688.0
67,62,703.5,149.74111176703377,1.8000892234285946,2.5,1.0,1965.7031700003913,25.42670985244741,-32.93443460387053,702.0
434,429,643.5,149.7383000860118,1.600674958220452,2.5,1.0,12919.03280876741,25.4730930230461,-32.96177787522474,642.0
470,465,634.5,149.66862974667856,0.8004193951248931,1.5,1.0,13997.130466864166,25.475978182378412,-32.96864996760092,633.0
326,321,662.5,149.6549923749917,0.6001643833189082,1.5,1.0,9686.758330378147,25.450724655830303,-32.96319311322046,661.0
44,39,704.5,149.47888811482812,0.7995557319751238,1.5,1.0,1283.9694978662844,25.42367324716496,-32.93022843942073,703.0
191,186,685.5,149.4719937769496,0.9986136980954194,1.5,1.0,5665.2691815971275,25.449634958331877,-32.93527844993506,684.0
457,452,639.5,149.4426927527711,1.199523645977262,1.5,1.0,13607.838902849295,25.47764756345318,-32.96546251300897,638.0
57,52,704.5,149.37692995740576,1.9001617006958278,2.5,0.0,1666.0087348027562,25.4254755672264,-32.9320508188806,703.0
102,97,696.5,148.88720491901995,0.6007474081349102,1.5,1.0,3005.592640674435,25.431608822354097,-32.94133747481675,695.0
239,234,678.5,148.30098825807727,2.095418170216203,2.5,0.0,7097.539083923854,25.45658058827155,-32.942961288506,677.0
346,341,661.5,148.21447807875302,0.8009463260842199,1.5,1.0,10283.170363372712,25.45110648673478,-32.966543249437706,660.0
210,205,682.5,147.73942284275472,1.7983651376630239,2.5,1.0,6231.760411375359,25.452448550418016,-32.938582629414235,681.0
167,162,688.5,147.73045541841384,2.2029199704442908,2.5,1.0,4946.437733081129,25.442355274891298,-32.93406436994028,687.0
73,68,700.5,146.4905554379659,0.5999408065211512,1.5,1.0,2142.193725438268,25.426620421186378,-32.935895847730926,699.0
96,91,698.5,146.04376623285407,0.7828473106270205,1.5,1.0,2826.705435755516,25.43181871155283,-32.93977064025096,697.0
321,316,663.5,146.00233653384748,0.9109061644338,1.5,0.0,9537.103338003155,25.451961986659533,-32.96235897459226,662.0
100,95,697.5,145.48045945960757,1.2160574920759217,1.5,1.0,2945.877808702165,25.431552886691374,-32.94080253851896,696.0
5,0,711.5,142.9415019780277,1.1574070489583157,2.0,-0.5,142.9415019780277,25.420145110796703,-32.92726107001358,710.0
12,8,708.5,120.00000000013296,2.0,2.5,0.0,349.5300128958168,25.42131961033964,-32.92881309862253,707.0
249,245,676.5,119.99758488742918,1.3749974842062307,1.5,1.0,7388.690639927367,25.45381037579963,-32.94399256008393,675.0
414,410,649.5,119.96802337279587,2.000133262235434,2.5,0.0,12320.208196201389,25.46802352563949,-32.95882995541713,648.0
360,356,655.5,119.96698721831672,1.5,1.5,0.0,10703.033284414138,25.454783733358624,-32.9644343678116,654.0
354,350,659.5,119.9645892953813,1.8751106911153153,2.5,1.0,10523.067272071637,25.453351972316508,-32.9655178891925,658.0
422,418,643.5,119.95719031366207,1.1248684533389646,1.5,1.0,12559.900398825373,25.469804260892495,-32.96036634554897,642.0
263,259,672.5,119.95499522814498,0.6248593073236203,1.5,1.0,7804.316400423527,25.453139393135515,-32.94745602560789,671.0
310,306,665.5,119.95267114942544,1.1248934263930506,1.5,1.0,9211.382581575583,25.451321917035774,-32.95969009893662,664.0
221,217,678.5,119.94329135346652,0.8749616546026342,1.5,1.0,6561.655908687499,25.452065718457288,-32.94153405945955,677.0
156,152,689.5,119.94244778069879,1.3749400210028795,1.5,1.0,4619.360293078911,25.443042915514734,-32.93686856356841,688.0
283,279,670.5,119.9417615710754,0.6250606944879546,1.5,1.0,8403.07607195546,25.45157567111426,-32.95266506336224,669.0
287,283,669.5,119.94073871764522,1.1249183600316268,1.5,1.0,8523.016810673105,25.45126688501253,-32.953713385969074,668.0
120,116,693.5,119.90821423390753,0.8750934470538894,1.5,1.0,3541.598814425617,25.436634368035307,-32.94277928634438,692.0
184,180,688.5,119.88690058250722,2.8758254612446725,3.5,-1.0,5455.7971878197795,25.44753974981289,-32.93478256012448,687.0
273,269,672.5,119.8680523279063,1.3748624032117585,1.5,1.0,8103.851261649636,25.452371348688736,-32.950071635866216,671.0
274,270,671.5,119.86805232759525,0.6251375967872687,1.5,1.0,8133.851261649328,25.452346440216765,-32.950341363205396,670.0
305,301,668.5,119.83651673386703,1.5,1.5,0.0,9061.429910425706,25.450977328224386,-32.95837071756109,667.0
369,365,653.5,119.81729566693502,1.5,1.5,0.0,10972.681709565097,25.45684983747403,-32.962762206148994,652.0
289,285,668.5,119.81323005188096,0.6251933978916794,1.5,1.0,8582.876870984324,25.451076953031986,-32.95422591343112,667.0
142,138,689.5,119.80221911007084,0.6252056550692725,1.5,1.0,4199.750511495028,25.44190824139819,-32.94050865768272,688.0
456,452,639.5,119.79197351013318,1.1251502155117723,1.5,1.0,13578.188183606657,25.477783353464915,-32.96522085761479,638.0
66,62,703.5,119.75015180575178,1.875245402764869,2.5,1.0,1935.7122100391093,25.426712974342408,-32.934164156205085,702.0
95,91,698.5,119.73567971989542,0.6252759414314576,1.5,1.0,2800.3973492425575,25.43184544668083,-32.939534465461776,697.0
43,39,704.5,119.70163037074121,0.6253115764047649,1.5,1.0,1254.1922401221975,25.42375653237451,-32.93048762468502,703.0
312,308,664.5,119.68996784233968,0.8747372861500128,1.5,1.0,9271.114913738282,25.45161336502028,-32.960167621534104,663.0
469,465,634.5,119.66862974668584,0.6250399478071273,1.5,1.0,13967.130466864173,25.476108790574035,-32.96840283715293,633.0
94,90,699.5,119.49313175386533,1.3754846759939485,1.5,1.0,2770.3973492428668,25.431694180911013,-32.93929587868929,698.0
190,186,685.5,119.47199377701054,0.8727131536951865,1.5,1.0,5635.269181597188,25.449315896090464,-32.935306791467774,684.0
56,52,704.5,119.37692995734483,2.0007242719161527,2.5,0.0,1636.0087348026952,25.42530375412393,-32.931822346199425,703.0
193,189,684.5,119.21953010106063,0.6245213200267572,1.5,1.0,5724.959928119428,25.4502715405819,-32.935250061219435,683.0
238,234,677.5,118.3012178819763,1.1196150740811288,1.5,1.0,7067.539313547753,25.45639605229069,-32.942739970353735,676.0
345,341,661.5,118.21447807895493,0.6235432654935754,1.5,1.0,10253.170363372914,25.45080350591914,-32.96663248316495,660.0
29,25,706.5,118.08634192919453,1.3729743020657672,1.5,1.0,847.0301908486699,25.421822592207842,-32.93227387355991,705.0
72,68,701.5,117.20978692156245,1.5,1.5,0.0,2112.9129569218644,25.426413183212425,-32.9356978940153,700.0
99,95,697.5,115.48045945971307,1.142293711800488,1.5,1.0,2915.8778087022706,25.431589566495685,-32.94053377009576,696.0
4,0,712.5,112.94150197817586,2.1992181758338787,3.0,-1.5,112.94150197817586,25.4198871138161,-32.92710028674087,711.0
179,176,690.5,89.99999999999181,1.0,1.5,1.0,5305.922622483765,25.446040505948595,-32.934326826428844,689.0
183,180,687.5,89.99999999981355,2.1666666666676235,2.5,0.0,5425.910287237086,25.447268962688465,-32.9346393807796,686.0
11,8,707.5,89.99999999976387,1.0,1.5,1.0,319.5300128954477,25.42112258549368,-32.92859959334067,706.0
262,259,673.5,89.99999999975626,1.5,1.5,0.0,7774.361405195138,25.453200240537424,-32.947190804054785,672.0
413,410,649.5,89.99999778709571,2.1666666707626976,2.5,0.0,12290.240170615689,25.46775728864736,-32.95867941980073,648.0
421,418,643.5,89.99959381403823,1.0000007841317933,1.5,1.0,12529.94280232575,25.469604319172298,-32.96015521438084,642.0
353,350,659.5,89.99852443040618,2.0000081977427633,2.5,1.0,10493.101207206662,25.4531190883273,-32.96570359895464,658.0
248,245,676.5,89.99758488741827,1.3333288607814402,1.5,1.0,7358.690639927356,25.454117350188586,-32.943913834325585,675.0
272,269,672.5,89.99562363530822,1.3333252285601545,1.5,1.0,8073.978832957038,25.45243426093534,-32.949807516303885,671.0
131,128,692.5,89.99089288643518,1.9999493998053737,2.5,1.0,3870.476143449389,25.43964038789737,-32.94269808112506,691.0
219,216,679.5,89.96915636954054,1.3332761959170438,1.5,1.0,6501.681773703444,25.4521068118186,-32.940994897964394,678.0
220,217,678.5,89.96915636875747,0.6667238040800554,1.5,1.0,6531.6817737027895,25.45207142556079,-32.941263791539306,677.0
359,356,655.5,89.96698721834764,1.5,1.5,0.0,10673.033284414169,25.45454380547479,-32.964614050987876,654.0
166,163,687.5,89.95491929398759,1.5,1.5,0.0,4918.662196956238,25.44243840796292,-32.93430484256137,686.0
309,306,665.5,89.95267114951639,0.9997921140654858,1.5,1.0,9181.382581575674,25.451226737939557,-32.95943172855358,664.0
394,391,648.5,89.94826163757898,1.3334988575529698,1.5,1.0,11722.04890752449,25.462773653259973,-32.95840167199165,647.0
189,186,685.5,89.94321019818926,0.6667718993685863,1.5,1.0,5605.740398018367,25.4490002072466,-32.93530011197262,684.0
188,185,686.5,89.94321019801555,1.3332281006320572,1.5,1.0,5575.740398018247,25.448690752839052,-32.93522871661738,685.0
155,152,689.5,89.9424477813127,1.3332266869499858,1.5,1.0,4589.360293079525,25.442943031234055,-32.937125661621025,688.0
286,283,669.5,89.94073871813089,0.9998087672125868,1.5,1.0,8493.016810673591,25.4513164575977,-32.95344609028078,668.0
119,116,693.5,89.93142882676148,0.6667937471428554,1.5,1.0,3511.622029018471,25.43637839508201,-32.942616513838004,692.0
442,439,639.5,89.89485031839831,1.000419692555304,1.5,1.0,13158.904896595299,25.475583015211,-32.96228346519088,638.0
304,301,668.5,89.83671791946108,1.5,1.5,0.0,9031.4301116113,25.450902369138962,-32.9581076602563,667.0
368,365,653.5,89.83275934201629,1.5,1.5,0.0,10942.697173240178,25.456583728166056,-32.96291318245543,652.0
141,138,690.5,89.80238846521297,1.5,1.5,0.0,4169.75068085017,25.441773354816636,-32.94075412914283,689.0
455,452,639.5,89.79197351101175,0.9999108083064233,1.5,1.0,13548.188183607535,25.477819075706098,-32.96495199339754,638.0
382,379,652.5,89.77894500583352,1.3330140602039717,1.5,1.0,11362.263519325978,25.460333808818305,-32.960850691662344,651.0
453,450,640.5,89.75077807162234,0.9999999999990272,1.5,1.0,13488.396210096398,25.477832052890932,-32.96441329170502,639.0
65,62,703.5,89.75015267149342,2.000675403973726,2.5,1.0,1905.712210904851,25.42671253388207,-32.9338936144542,702.0
468,465,635.5,89.74191131133375,1.5,1.5,0.0,13937.203748428821,25.476218986633594,-32.9681494423534,634.0
419,416,644.5,89.73473864570224,1.0014749807516907,1.5,1.0,12469.942934847053,25.469186726622702,-32.95974433796373,643.0
311,308,664.5,89.71771254779742,0.6658539658615463,1.5,1.0,9241.14265844374,25.451444921483663,-32.959937635872166,663.0
93,90,699.5,89.71187566225854,1.334149872500216,1.5,1.0,2740.61609315126,25.431463221910583,-32.93911094277048,698.0
55,52,704.5,89.61308102345333,2.1670334916933935,2.5,0.0,1606.2448858688037,25.42530578022914,-32.93155393928162,703.0
71,68,701.5,89.41381446207583,1.5,1.5,0.0,2085.116984462378,25.42635107577625,-32.935452760527575,700.0
237,234,677.5,88.30121788198176,0.9903807548805028,1.5,1.0,7037.539313547759,25.45621329402842,-32.94251760364613,676.0
28,25,706.5,88.08634192918544,1.3297125335036024,1.5,1.0,817.0301908486608,25.421502040839204,-32.93228481018396,705.0
98,95,697.5,85.48774296191823,1.0167952143582797,1.5,1.0,2885.8850922044758,25.4315995606186,-32.94026342489966,696.0
3,0,712.5,82.94150197832404,2.4521258851781673,3.0,-1.5,82.94150197832404,25.41962911777958,-32.92693950295961,711.0
