chainage_m,x_m,y_m,lon,lat,elevation_m,elevation_smooth_m,dem_source
0.0,352176.0515190147,6355662.728339892,25.41894875717461,-32.927308852393274,709.0,709.5,OpenTopoData srtm30m
30.000000000241656,352196.158176979,6355684.993162045,25.419167308245953,-32.92711080962067,710.0,710.0,OpenTopoData srtm30m
59.999999999792124,352216.2648349433,6355707.257984198,25.419385858340448,-32.92691276643016,710.0,710.0,OpenTopoData srtm30m
82.94150197832404,352239.0558609135,6355704.634694611,25.41962911777958,-32.92693950295961,711.0,711.0,OpenTopoData srtm30m
112.94150197817586,352263.44771103683,6355687.169367601,25.4198871138161,-32.92710028674087,711.0,711.0,OpenTopoData srtm30m
142.9415019780277,352287.8395611602,6355669.704040592,25.420145110796703,-32.92726107001358,710.0,710.0,OpenTopoData srtm30m
170.81525042912574,352296.2641643315,6355643.133908599,25.420230927588033,-32.927501792891846,710.0,710.0,OpenTopoData srtm30m
199.53001289527833,352306.3536473079,6355616.250086014,25.420334495493595,-32.92774556932189,709.0,709.0,OpenTopoData srtm30m
229.53001289568385,352325.13123492897,6355592.8534579845,25.420531516586077,-32.927959075760285,707.0,707.0,OpenTopoData srtm30m
259.53001289536303,352343.90882255003,6355569.456829956,25.42072853861691,-32.92817258190954,707.0,707.0,OpenTopoData srtm30m
289.53001289576855,352362.6864101711,6355546.060201926,25.42092556158611,-32.928386087769674,706.0,706.0,OpenTopoData srtm30m
319.5300128954477,352381.46399779216,6355522.663573897,25.42112258549368,-32.92859959334067,706.0,706.0,OpenTopoData srtm30m
349.5300128958168,352400.24158541317,6355499.266945868,25.42131961033964,-32.92881309862253,707.0,707.0,OpenTopoData srtm30m
379.53001289549604,352419.01917303423,6355475.870317839,25.421516636124,-32.92902660361523,707.0,707.0,OpenTopoData srtm30m
406.97320725196204,352432.6688606583,6355452.062442162,25.421658768339487,-32.929243123982296,707.0,707.0,OpenTopoData srtm30m
433.3559966678652,352411.82834546716,6355435.884540446,25.42143334560097,-32.92938618588786,707.0,707.0,OpenTopoData srtm30m
461.05689803128615,352386.3944416008,6355424.909274141,25.4211596419627,-32.929481714380735,707.0,707.0,OpenTopoData srtm30m
491.05689803167314,352366.1151155704,6355402.801607241,25.420939268094166,-32.92967832011706,706.0,707.0,OpenTopoData srtm30m
520.9621172142452,352349.99993445433,6355377.609880981,25.420762923289075,-32.929903297278884,707.0,707.0,OpenTopoData srtm30m
549.5573146024597,352346.47955432575,6355349.232209522,25.420720734699284,-32.93015870416745,707.0,707.0,OpenTopoData srtm30m
579.5573146024007,352349.67197812756,6355319.402552631,25.420750088853598,-32.93042811085683,708.0,708.0,OpenTopoData srtm30m
609.5573146023416,352352.8644019294,6355289.572895739,25.4207794431515,-32.9306975175335,708.0,708.0,OpenTopoData srtm30m
639.4034946146606,352362.4324678855,6355261.301946424,25.42087721844423,-32.93095373086358,708.0,708.0,OpenTopoData srtm30m
669.4034946147608,352373.3629624518,6355233.364081643,25.42098961535125,-32.93120712478892,707.0,707.0,OpenTopoData srtm30m
698.9438489193609,352375.4534262867,6355203.897787451,25.421007246064985,-32.931473106047015,707.0,707.0,OpenTopoData srtm30m
728.9438489194754,352374.5378945799,6355173.911760677,25.420992651905706,-32.93174336755244,706.0,706.0,OpenTopoData srtm30m
758.9438489195882,352373.6223628731,6355143.9257339025,25.42097805762273,-32.932013629042224,705.0,705.0,OpenTopoData srtm30m
788.9012679549709,352397.0227186635,6355125.220913557,25.42122527035275,-32.932185453032425,705.0,705.0,OpenTopoData srtm30m
817.0301908486608,352423.0663121882,6355114.592294669,25.421502040839204,-32.93228481018396,705.0,705.0,OpenTopoData srtm30m
847.0301908486699,352453.020262297,6355116.253882127,25.421822592207842,-32.93227387355991,705.0,705.0,OpenTopoData srtm30m
874.1453804600263,352474.83068274957,6355132.364098368,25.422058381817678,-32.932131552516445,706.0,706.0,OpenTopoData srtm30m
902.7674028483394,352465.7213733041,6355159.497853122,25.42196532508958,-32.9318856561024,706.0,706.0,OpenTopoData srtm30m
928.0478214492327,352484.53405275196,6355176.385205094,25.422169184436406,-32.931735922499705,705.0,705.0,OpenTopoData srtm30m
958.0478214492932,352514.29746760207,6355180.145409405,25.422488032467097,-32.93170603505142,705.0,705.0,OpenTopoData srtm30m
988.0208401311625,352544.252053973,6355181.196410952,25.4228084908075,-32.9317006015978,705.0,705.0,OpenTopoData srtm30m
1018.006045022816,352574.23547148757,6355181.523804507,25.423129141629364,-32.931701696020674,704.0,705.0,OpenTopoData srtm30m
1048.006045022834,352603.53009788104,6355175.056589924,25.423441340515282,-32.93176396401785,705.0,705.0,OpenTopoData srtm30m
1077.722967840821,352633.15909932076,6355172.772344872,25.42375778428607,-32.93178855829728,706.0,705.0,OpenTopoData srtm30m
1104.930814708566,352659.09169126034,6355181.004453137,25.42403638611337,-32.93171782673592,705.0,705.0,OpenTopoData srtm30m
1134.4906097514563,352672.1523381314,6355207.522390204,25.424180278074214,-32.931480474443624,704.0,704.0,OpenTopoData srtm30m
1164.4906097512414,352672.22705720953,6355237.522297154,25.42418587432836,-32.93120997371603,704.0,704.0,OpenTopoData srtm30m
1194.2613549938594,352657.30227078084,6355263.281723048,25.424030411065132,-32.930975686807265,704.0,704.0,OpenTopoData srtm30m
1224.1922401222414,352642.94395751227,6355289.543800739,25.423881085962524,-32.93073694368764,704.0,704.0,OpenTopoData srtm30m
1254.1922401221975,352630.8842555148,6355317.013121584,25.42375653237451,-32.93048762468502,703.0,703.0,OpenTopoData srtm30m
1283.9694978662844,352622.6668784248,6355345.634089292,25.42367324716496,-32.93022843942073,702.0,703.0,OpenTopoData srtm30m
1312.9111509393717,352625.317305012,6355374.454126098,25.42370619628498,-32.92996892510192,703.0,703.0,OpenTopoData srtm30m
1342.1070187396579,352641.1819227241,6355398.963565126,25.423879745732894,-32.92975006199343,703.0,703.0,OpenTopoData srtm30m
1368.4394514754306,352667.05837339937,6355403.842736596,25.424157204587036,-32.92970955599353,702.0,703.0,OpenTopoData srtm30m
1396.9563764609104,352692.5835417765,6355391.127360473,25.424428094248306,-32.92982765306571,703.0,703.0,OpenTopoData srtm30m
1426.718498807402,352708.31953349296,6355365.865482252,25.424592309918886,-32.93005756243826,704.0,704.0,OpenTopoData srtm30m
1456.7184988068825,352715.8917758507,6355336.836855939,25.42466863451316,-32.93032033608431,705.0,705.0,OpenTopoData srtm30m
1486.6705832142127,352727.1039537749,6355309.062507584,25.424784079663226,-32.930572290458954,705.0,705.0,OpenTopoData srtm30m
1516.6318048453504,352740.3767744878,6355282.2016246505,25.424921704721143,-32.93081628571995,703.0,703.0,OpenTopoData srtm30m
1546.6316963449458,352755.08799908153,6355256.056388738,25.425074824960493,-32.9310540216762,702.0,702.0,OpenTopoData srtm30m
1576.5684679944466,352768.0961028117,6355229.093459851,25.425209604730107,-32.93129890112486,702.0,702.0,OpenTopoData srtm30m
1606.2448858688037,352777.5113784394,6355200.950212656,25.42530578022914,-32.93155393928162,703.0,703.0,OpenTopoData srtm30m
1636.0087348026952,352777.76669375837,6355171.187458794,25.42530375412393,-32.931822346199425,703.0,703.0,OpenTopoData srtm30m
1666.0087348027562,352794.21014048613,6355146.0953672165,25.4254755672264,-32.9320508188806,703.0,703.0,OpenTopoData srtm30m
1696.0070906057717,352813.46129132685,6355123.088965016,25.425677736097818,-32.93226086284306,703.0,703.0,OpenTopoData srtm30m
1725.9886812097811,352831.206764483,6355098.9229980875,25.425863621022977,-32.93248115952987,703.0,703.0,OpenTopoData srtm30m
1755.9873447067894,352848.74511406437,6355074.585247461,25.42604726471752,-32.93270297704496,704.0,704.0,OpenTopoData srtm30m
1785.9794894019637,352866.1549250033,6355050.163387857,25.426229521460236,-32.9329255354137,704.0,704.0,OpenTopoData srtm30m
1815.9620582333575,352883.15317820467,6355025.464929974,25.426407334261967,-32.93315053221557,703.0,703.0,OpenTopoData srtm30m
1845.840823013738,352900.6463476181,6355001.242427859,25.426590515964037,-32.93337130370423,701.0,701.0,OpenTopoData srtm30m
1875.840823013632,352911.6842260859,6354973.346814604,25.426704087131803,-32.933624326452254,701.0,701.0,OpenTopoData srtm30m
1905.712210904851,352912.91984587867,6354943.500993149,25.42671253388207,-32.9338936144542,702.0,702.0,OpenTopoData srtm30m
1935.7122100391093,352913.40895441355,6354913.5049813995,25.426712974342408,-32.934164156205085,703.0,702.0,OpenTopoData srtm30m
1965.7031700003913,352913.5648321562,6354883.514426528,25.42670985244741,-32.93443460387053,702.0,702.0,OpenTopoData srtm30m
1995.703170000302,352912.1209675508,6354853.549192422,25.42668962864852,-32.93470460779786,700.0,700.0,OpenTopoData srtm30m
2025.613118143904,352906.6036671387,6354824.152519241,25.426625938489387,-32.93496893644414,700.0,700.0,OpenTopoData srtm30m
2055.299635632545,352893.58485481434,6354797.4729419155,25.42648246841894,-32.93520775460653,700.0,700.0,OpenTopoData srtm30m
2085.116984462378,352881.7055837587,6354770.124135535,25.42635107577625,-32.935452760527575,701.0,700.0,OpenTopoData srtm30m
2112.9129569218644,352887.9184773279,6354743.031405173,25.426413183212425,-32.9356978940153,700.0,700.0,OpenTopoData srtm30m
2142.193725438268,352907.62260564254,6354721.372440926,25.426620421186378,-32.935895847730926,699.0,699.0,OpenTopoData srtm30m
2172.118374100715,352930.1622041205,6354701.688663391,25.426858295344992,-32.93607637252701,698.0,699.0,OpenTopoData srtm30m
2202.1183741007962,352951.53780957643,6354680.639114907,25.427083505746474,-32.936269055432504,699.0,699.0,OpenTopoData srtm30m
2232.118374100224,352972.9134150324,6354659.589566424,25.427308717124628,-32.93646173795561,699.0,699.0,OpenTopoData srtm30m
2262.1136454117363,352989.8287078573,6354634.818834305,25.427485640782088,-32.9366873739295,700.0,700.0,OpenTopoData srtm30m
2292.113645411658,353006.7064984246,6354610.016814517,25.427662159313357,-32.936913286747924,701.0,701.0,OpenTopoData srtm30m
2322.1102121510717,353024.40273077687,6354585.796216327,25.42784752327399,-32.937134066752485,702.0,702.0,OpenTopoData srtm30m
2352.1084106232634,353042.4197873833,6354561.811271407,25.428036356392557,-32.93735276476759,702.0,702.0,OpenTopoData srtm30m
2382.108410623425,353060.8826749407,6354538.165515275,25.428230011929465,-32.93756846400898,702.0,702.0,OpenTopoData srtm30m
2412.0515762656864,353081.3366121607,6354516.297053489,25.428445242768692,-32.93776840481809,701.0,701.0,OpenTopoData srtm30m
2441.921004519558,353103.2324388557,6354495.980668044,25.42867614069136,-32.937954544032635,700.0,700.0,OpenTopoData srtm30m
2471.9210045196146,353130.35294291703,6354483.155760268,25.428964103429674,-32.93807383427157,700.0,700.0,OpenTopoData srtm30m
2501.297851091731,353158.9382393961,6354476.382287028,25.42926869530496,-32.93813875461069,701.0,701.0,OpenTopoData srtm30m
2531.2978510917274,353188.92165144096,6354475.384789085,25.4295891588972,-32.938151779786544,701.0,701.0,OpenTopoData srtm30m
2561.0224417043887,353218.0554047959,6354469.487696365,25.429899756068334,-32.93820886994538,701.0,701.0,OpenTopoData srtm30m
2591.0224417044265,353246.6239761401,6354460.331456343,25.430203790659018,-32.93829527136542,700.0,700.0,OpenTopoData srtm30m
2620.9042174887522,353272.9622980602,6354446.217161374,25.43048318710106,-32.93842607958916,700.0,700.0,OpenTopoData srtm30m
2650.9042174890014,353298.7664196306,6354430.915288613,25.430756682804905,-32.93856752393292,699.0,699.0,OpenTopoData srtm30m
2680.661669522662,353323.02412399853,6354413.67957771,25.431013334934867,-32.93872619758479,698.0,698.0,OpenTopoData srtm30m
2710.661669523028,353343.62608734693,6354391.872259988,25.431230167583507,-32.93892560237059,698.0,698.0,OpenTopoData srtm30m
2740.61609315126,353365.7213772926,6354371.64688837,25.431463221910583,-32.93911094277048,699.0,698.0,OpenTopoData srtm30m
2770.3973492428668,353387.62000828027,6354351.4634006815,25.431694180911013,-32.93929587868929,698.0,698.0,OpenTopoData srtm30m
2800.3973492425575,353402.1562633866,6354325.220358033,25.43184544668083,-32.939534465461776,697.0,697.0,OpenTopoData srtm30m
2826.705435755516,353400.04650620616,6354298.997003163,25.43181871155283,-32.93977064025096,697.0,697.0,OpenTopoData srtm30m
2856.7054357554152,353385.4482148562,6354272.788418889,25.431658431607794,-32.940005005371056,696.0,696.0,OpenTopoData srtm30m
2885.8850922044758,353380.3707598424,6354244.053913481,25.4315995606186,-32.94026342489966,695.0,696.0,OpenTopoData srtm30m
2915.8778087022706,353379.88266627264,6354214.065168799,25.431589566495685,-32.94053377009576,696.0,696.0,OpenTopoData srtm30m
2945.877808702165,353376.8970651295,6354184.214102054,25.431552886691374,-32.94080253851896,696.0,696.0,OpenTopoData srtm30m
2975.59264067435,353377.722752015,6354154.51074399,25.43155698690574,-32.94107048671775,696.0,696.0,OpenTopoData srtm30m
3005.592640674435,353383.00971864327,6354124.980285411,25.431608822354097,-32.94133747481675,695.0,695.0,OpenTopoData srtm30m
3034.7182556361304,353400.2202334039,6354101.483485021,25.431789126228637,-32.9415516576451,695.0,695.0,OpenTopoData srtm30m
3064.7182556361745,353420.88266823726,6354079.73345544,25.432006623095454,-32.94175055280177,696.0,696.0,OpenTopoData srtm30m
3094.038290028532,353446.7282699046,6354065.888987548,25.432280806913393,-32.94187885815531,696.0,696.0,OpenTopoData srtm30m
3124.0382900283244,353474.9133830816,6354055.612830913,25.432580577646213,-32.94197530109982,696.0,696.0,OpenTopoData srtm30m
3153.8961795141627,353503.58883081714,6354047.293440207,25.4328859039159,-32.942054164811516,695.0,695.0,OpenTopoData srtm30m
3183.8961795141227,353533.28925505205,6354043.064397731,25.433202842300606,-32.942096282273724,694.0,694.0,OpenTopoData srtm30m
3213.8961795140826,353562.98967928695,6354038.835355255,25.43351978101905,-32.942138398940344,693.0,693.0,OpenTopoData srtm30m
3243.2600611557536,353591.76077452267,6354044.705757626,25.433828387768376,-32.94208932270675,693.0,693.0,OpenTopoData srtm30m
3273.260061155545,353620.1906981419,6354054.28382857,25.434133935172795,-32.94200676761581,695.0,695.0,OpenTopoData srtm30m
3303.246213863395,353648.72826936695,6354063.491237694,25.434440574289734,-32.94192756847432,696.0,696.0,OpenTopoData srtm30m
3333.246213863386,353677.86604274134,6354070.631977347,25.434753302934695,-32.94186708431742,696.0,696.0,OpenTopoData srtm30m
3361.7054525297553,353706.28364407294,6354072.170873064,25.435057439833592,-32.94185701520148,696.0,696.0,OpenTopoData srtm30m
3391.7054525294993,353732.6677481657,6354057.892250889,25.435337318352506,-32.941989300930466,695.0,695.0,OpenTopoData srtm30m
3421.6906001917096,353758.6465045344,6354042.918497256,25.435612752599667,-32.94212779983443,693.0,693.0,OpenTopoData srtm30m
3451.6906001916495,353784.06754017493,6354026.988307459,25.435882071660888,-32.94227484774981,693.0,693.0,OpenTopoData srtm30m
3481.622029018618,353808.0402595758,6354009.066277548,25.436135587268932,-32.94243966182316,693.0,693.0,OpenTopoData srtm30m
3511.622029018471,353831.03162555565,6353989.794612068,25.43637839508201,-32.942616513838004,692.0,692.0,OpenTopoData srtm30m
3541.598814425617,353855.2305463598,6353972.10224379,25.436634368035307,-32.94277928634438,692.0,692.0,OpenTopoData srtm30m
3571.5455611177613,353880.5447328064,6353956.102256228,25.43690253709583,-32.94292694722738,692.0,692.0,OpenTopoData srtm30m
3601.545561117549,353907.10564480163,6353942.155286881,25.437184365241418,-32.94305626209212,693.0,692.0,OpenTopoData srtm30m
3631.4754426462173,353934.561135651,6353930.239170461,25.43747608299887,-32.943167383607495,692.0,693.0,OpenTopoData srtm30m
3661.475442646257,353962.77997076,6353920.055981123,25.437776239557813,-32.94326298057637,693.0,693.0,OpenTopoData srtm30m
3691.473433935604,353990.7378162825,6353909.182234982,25.438073496260316,-32.943364768763175,693.0,693.0,OpenTopoData srtm30m
3720.5560659126536,354018.8210903934,6353901.623849048,25.438372620638567,-32.943436678099005,693.0,693.0,OpenTopoData srtm30m
3750.5560659127796,354047.7273860539,6353909.6504343245,25.43868301737061,-32.94336816549174,693.0,693.0,OpenTopoData srtm30m
3780.4852505629538,354076.4963993882,6353917.902704654,25.438991981323127,-32.943297598727916,692.0,692.0,OpenTopoData srtm30m
3810.4852505629788,354096.9161464436,6353939.880737555,25.439213832757964,-32.94310214905192,690.0,690.0,OpenTopoData srtm30m
3840.4761434496145,354116.8220266687,6353962.3130711075,25.439430259921394,-32.94290253382257,690.0,690.0,OpenTopoData srtm30m
3870.476143449389,354136.13113979955,6353985.272995979,25.43964038789737,-32.94269808112506,691.0,691.0,OpenTopoData srtm30m
3900.3511924884183,354158.0947953844,6354005.5243265135,25.43987847333433,-32.942518406243,693.0,693.0,OpenTopoData srtm30m
3930.351192488678,354181.43922717404,6354024.366765433,25.440131100572284,-32.94235161937564,693.0,693.0,OpenTopoData srtm30m
3960.307453336669,354207.1096715281,6354039.807162146,25.440408062310375,-32.94221581908715,693.0,693.0,OpenTopoData srtm30m
3989.9556532250417,354231.6768247087,6354056.404473411,25.44067340791546,-32.94206943886118,692.0,692.0,OpenTopoData srtm30m
4019.955653224618,354250.06747969525,6354080.106452424,25.440873826674387,-32.94185817013576,692.0,692.0,OpenTopoData srtm30m
4049.9484289837337,354270.12997117906,6354102.401362902,25.44109190010102,-32.94165981184784,691.0,691.0,OpenTopoData srtm30m
4079.9482923849573,354290.4413333699,6354124.4794146735,25.44131259960808,-32.94146344178926,689.0,689.0,OpenTopoData srtm30m
4109.762402725096,354306.24161421956,6354149.762458407,25.44148556474808,-32.94123756971227,689.0,689.0,OpenTopoData srtm30m
4139.750680849798,354319.6722858928,6354176.575027909,25.44163343097799,-32.94099758935654,690.0,689.0,OpenTopoData srtm30m
4169.75068085017,354332.3547735364,6354203.762424018,25.441773354816636,-32.94075412914283,689.0,689.0,OpenTopoData srtm30m
4199.750511495028,354344.5630900722,6354231.165833406,25.44190824139819,-32.94050865768272,688.0,688.0,OpenTopoData srtm30m
4229.722078862136,354354.88897303125,6354259.302481955,25.442023113086705,-32.94025632330125,687.0,688.0,OpenTopoData srtm30m
4259.642670409864,354363.643266084,6354287.913741132,25.442121253165354,-32.93999949959279,688.0,688.0,OpenTopoData srtm30m
4289.64267041005,354366.54205552355,6354317.773363029,25.442156973704154,-32.9397306383479,689.0,689.0,OpenTopoData srtm30m
4319.632348077325,354368.4257678617,6354347.703822337,25.442181850410112,-32.93946100297236,689.0,689.0,OpenTopoData srtm30m
4349.570172877203,354371.0070256731,6354377.530160729,25.442214169685844,-32.93919239945775,689.0,689.0,OpenTopoData srtm30m
4379.570172876643,354376.4092081434,6354407.039759583,25.442276604185697,-32.93892702812384,690.0,690.0,OpenTopoData srtm30m
4409.5666117200735,354388.80579882604,6354434.354789928,25.44241348574152,-32.938682377952325,690.0,690.0,OpenTopoData srtm30m
4439.437223169519,354397.45683411503,6354462.945225685,25.442510515301684,-32.938425727791106,690.0,690.0,OpenTopoData srtm30m
4469.426532852967,354404.7970623805,6354492.022360074,25.442593604224435,-32.938164514171056,690.0,690.0,OpenTopoData srtm30m
4499.417845298212,354413.124970872,6354520.834245857,25.442687212331602,-32.937905823903385,689.0,689.0,OpenTopoData srtm30m
4529.417845298847,354418.05562979286,6354550.426281992,25.442744615230843,-32.937639646015185,688.0,688.0,OpenTopoData srtm30m
4559.361360515122,354426.5692200005,6354579.133996727,25.442840191372934,-32.93738191965491,688.0,688.0,OpenTopoData srtm30m
4589.360293079525,354435.764401587,6354607.68893659,25.442943031234055,-32.937125661621025,688.0,688.0,OpenTopoData srtm30m
4619.360293078911,354444.6819284646,6354636.332918757,25.443042915514734,-32.93686856356841,688.0,688.0,OpenTopoData srtm30m
4649.349896925874,354452.91087295633,6354665.171448737,25.443135466769746,-32.93660961939124,688.0,688.0,OpenTopoData srtm30m
4679.349896925334,354460.3010544896,6354694.246957622,25.44321908585164,-32.936348426490134,688.0,688.0,OpenTopoData srtm30m
4709.242728058182,354456.01932523923,6354723.831550702,25.443177975290943,-32.93608108785522,688.0,688.0,OpenTopoData srtm30m
4738.830128683151,354445.1068217797,6354751.33303328,25.443065632085904,-32.93583164931922,689.0,689.0,OpenTopoData srtm30m
4768.830128682879,354430.58507393167,6354777.58410639,25.44291449788798,-32.93559300480893,689.0,689.0,OpenTopoData srtm30m
4798.707277662716,354420.2195765719,6354805.605535612,25.44280808733953,-32.93533895053389,688.0,688.0,OpenTopoData srtm30m
4828.707277662251,354411.35213791206,6354834.265063375,25.44271779701755,-32.9350793420244,686.0,686.0,OpenTopoData srtm30m
4858.697953854337,354403.508728474,6354863.211938627,25.442638502557354,-32.93481727889651,686.0,686.0,OpenTopoData srtm30m
4888.662196956293,354395.67532632255,6354892.134139017,25.442559311642086,-32.93455543955195,686.0,686.0,OpenTopoData srtm30m
4918.662196956238,354383.9601988113,6354919.752172752,25.44243840796292,-32.93430484256137,686.0,686.0,OpenTopoData srtm30m
4946.437733081129,354375.7931387774,6354946.299856972,25.442355274891298,-32.93406436994028,687.0,687.0,OpenTopoData srtm30m
4976.437733081287,354400.82703122636,6354962.8317724345,25.442625572999408,-32.93391863646335,687.0,687.0,OpenTopoData srtm30m
5005.957785252342,354426.18669966696,6354977.942056905,25.44289912906111,-32.93378576481968,690.0,690.0,OpenTopoData srtm30m
5035.957785252425,354455.92134030873,6354973.960707145,25.443216448926226,-32.93382562726735,691.0,691.0,OpenTopoData srtm30m
5065.957785252328,354485.65598095045,6354969.979357386,25.4435337691092,-32.93386548891711,691.0,691.0,OpenTopoData srtm30m
5095.925804130923,354515.1714292895,6354964.790863881,25.44384855516331,-32.93391620555603,693.0,693.0,OpenTopoData srtm30m
5125.925804130952,354544.40760230186,6354958.064335237,25.44416011248799,-32.933980752899075,693.0,693.0,OpenTopoData srtm30m
5155.925804130925,354573.64377531415,6354951.337806594,25.444471670296064,-32.93404529947786,692.0,692.0,OpenTopoData srtm30m
5185.9226224836975,354602.923259003,6354944.816997886,25.444783724175792,-32.93410799605166,691.0,691.0,OpenTopoData srtm30m
5215.922622483773,354632.38980541425,6354939.184712151,25.445097918990918,-32.93416270481488,690.0,690.0,OpenTopoData srtm30m
5245.922622483731,354661.8563518256,6354933.552426417,25.445412114224766,-32.93421741279882,689.0,690.0,OpenTopoData srtm30m
5275.922622483807,354691.32289823686,6354927.920140683,25.44572630987733,-32.93427212000349,690.0,689.0,OpenTopoData srtm30m
5305.922622483765,354720.7894446482,6354922.287854949,25.446040505948595,-32.934326826428844,689.0,689.0,OpenTopoData srtm30m
5335.910287237272,354749.6846217133,6354914.267332538,25.4463482162261,-32.934402991179546,686.0,686.0,OpenTopoData srtm30m
5365.910287237124,354778.509685621,6354905.953747829,25.44665513114039,-32.934481788451805,685.0,685.0,OpenTopoData srtm30m
5395.910287237234,354807.33474952873,6354897.64016312,25.446962046627846,-32.934560584985164,685.0,685.0,OpenTopoData srtm30m
5425.910287237086,354836.15981343645,6354889.326578411,25.447268962688465,-32.9346393807796,687.0,686.0,OpenTopoData srtm30m
5455.7971878197795,354861.71200326126,6354873.824564942,25.44753974981289,-32.93478256012448,686.0,687.0,OpenTopoData srtm30m
5485.797187820232,354886.90885656996,6354857.542102494,25.447806615248943,-32.934932729126785,687.0,686.0,OpenTopoData srtm30m
5515.797187820178,354912.10570987867,6354841.259640047,25.448073481600595,-32.93508289758226,685.0,685.0,OpenTopoData srtm30m
5545.740398018359,354941.00763762114,6354833.4318428,25.448381298958633,-32.935157320509454,685.0,685.0,OpenTopoData srtm30m
5575.740398018247,354970.05758595106,6354825.941815963,25.448690752839052,-32.93522871661738,685.0,685.0,OpenTopoData srtm30m
5605.740398018367,354999.107534281,6354818.451789125,25.4490002072466,-32.93530011197262,684.0,684.0,OpenTopoData srtm30m
5635.269181597188,355028.63473110314,6354818.145672366,25.449315896090464,-32.935306791467774,683.0,684.0,OpenTopoData srtm30m
5665.2691815971275,355058.42018827965,6354821.727088396,25.449634958331877,-32.93527844993506,684.0,684.0,OpenTopoData srtm30m
5695.26918159712,355088.2056454561,6354825.308504428,25.44995402040332,-32.935250107581155,686.0,684.0,OpenTopoData srtm30m
5724.959928119428,355117.8931037795,6354825.750372447,25.4502715405819,-32.935250061219435,683.0,683.0,OpenTopoData srtm30m
5754.959928119443,355147.3972102107,6354820.318273065,25.450586176477966,-32.93530295625685,680.0,681.0,OpenTopoData srtm30m
5784.959928119347,355176.9013166419,6354814.886173683,25.450900812780535,-32.93535585051236,681.0,681.0,OpenTopoData srtm30m
5814.95992811942,355206.4054230731,6354809.454074301,25.451215449489595,-32.935408743985995,683.0,683.0,OpenTopoData srtm30m
5844.675650631546,355229.6406650248,6354790.929828139,25.45146099519242,-32.935578859915594,683.0,683.0,OpenTopoData srtm30m
5874.675650631898,355252.37083952036,6354771.350778943,25.451700975318168,-32.93575841979171,681.0,681.0,OpenTopoData srtm30m
5904.664266709492,355274.6618546123,6354751.290177247,25.45193618474374,-32.9359422632833,681.0,681.0,OpenTopoData srtm30m
5934.664266709499,355296.2468030739,6354730.455350636,25.452163723398034,-32.936132994134375,683.0,683.0,OpenTopoData srtm30m
5964.58344091753,355315.81815873814,6354707.825303734,25.452369449221173,-32.93633964567937,683.0,683.0,OpenTopoData srtm30m
5994.583440917868,355334.04948949785,6354684.000556543,25.45256065911914,-32.93655689224362,685.0,685.0,OpenTopoData srtm30m
6024.020988532597,355345.1274385715,6354656.726974932,25.452674835130384,-32.936804289919415,686.0,685.0,OpenTopoData srtm30m
6054.0209885326,355352.4133959146,6354627.62517386,25.452748175653454,-32.9370676706958,684.0,684.0,OpenTopoData srtm30m
6084.020988532604,355359.6993532577,6354598.523372789,25.45282151658076,-32.937331051431315,682.0,682.0,OpenTopoData srtm30m
6113.350553336886,355360.3401835853,6354569.200809666,25.452823764333647,-32.937595542806804,680.0,682.0,OpenTopoData srtm30m
6143.350553336561,355355.0017788822,6354539.67960652,25.45276204241197,-32.937861033514935,682.0,680.0,OpenTopoData srtm30m
6173.22831853495,355335.9093831641,6354516.697846818,25.452554269660492,-32.93806573527143,680.0,680.0,OpenTopoData srtm30m
6201.760411375795,355328.26406938664,6354489.209130967,25.45246819695363,-32.938312592948556,680.0,680.0,OpenTopoData srtm30m
6231.760411375359,355326.8670421372,6354459.241676707,25.452448550418016,-32.938582629414235,681.0,681.0,OpenTopoData srtm30m
6261.755422924311,355324.3755854799,6354429.350317394,25.452417212363052,-32.93885183472788,681.0,681.0,OpenTopoData srtm30m
6291.755422924962,355321.6119848985,6354399.477880067,25.452382966867557,-32.93912083334353,681.0,681.0,OpenTopoData srtm30m
6321.739001912406,355321.3775013125,6354369.4952179715,25.452375749179897,-32.939391160884355,681.0,681.0,OpenTopoData srtm30m
6351.739001912357,355321.53173984546,6354339.495614466,25.45237268560401,-32.93966169267052,683.0,681.0,OpenTopoData srtm30m
6381.712617333776,355317.3128710521,6354309.820393026,25.45232290839343,-32.93992872011025,680.0,680.0,OpenTopoData srtm30m
6411.712617333904,355312.73413921165,6354280.171864989,25.452269286778638,-32.94019545913591,679.0,679.0,OpenTopoData srtm30m
6441.712617334032,355308.1554073712,6354250.523336953,25.452215664809287,-32.940462198118006,678.0,678.0,OpenTopoData srtm30m
6471.710586347525,355302.57988823316,6354221.048063735,25.452151410304843,-32.940727242721245,678.0,678.0,OpenTopoData srtm30m
6501.681773703444,355298.84634211066,6354191.310331728,25.4521068118186,-32.940994897964394,678.0,678.0,OpenTopoData srtm30m
6531.6817737027895,355295.976109046,6354161.447951346,25.45207142556079,-32.941263791539306,677.0,677.0,OpenTopoData srtm30m
6561.655908687499,355295.8828855449,6354131.47396133,25.452065718457288,-32.94153405945955,677.0,677.0,OpenTopoData srtm30m
6591.38872801718,355300.1634835509,6354102.050891708,25.452106871018866,-32.94179993918041,678.0,678.0,OpenTopoData srtm30m
6621.388728017554,355308.5338771811,6354073.242273023,25.45219185629651,-32.942060820171044,678.0,678.0,OpenTopoData srtm30m
6651.016511247641,355321.91731138906,6354046.809542784,25.45233082456427,-32.94230094150613,678.0,678.0,OpenTopoData srtm30m
6679.837214840569,355340.02113499184,6354024.384455793,25.452520902925997,-32.94250555045538,679.0,678.0,OpenTopoData srtm30m
6709.837214840601,355369.9463996639,6354026.500710576,25.452841255410075,-32.94249043161571,678.0,679.0,OpenTopoData srtm30m
6739.837214840567,355399.871664336,6354028.616965358,25.453161607819176,-32.94247531195104,681.0,681.0,OpenTopoData srtm30m
6769.797836304937,355429.7297977947,6354031.092991387,25.45348129873981,-32.94245693845748,684.0,682.0,OpenTopoData srtm30m
6799.797836304936,355458.4045257859,6354039.911153022,25.45378932980462,-32.9423812194152,682.0,682.0,OpenTopoData srtm30m
6829.797836304935,355487.07925377705,6354048.729314658,25.45409736037303,-32.94230549959676,681.0,681.0,OpenTopoData srtm30m
6859.79783630499,355515.75398176827,6354057.5474762935,25.45440539044503,-32.94222977900216,681.0,681.0,OpenTopoData srtm30m
6889.7274620581375,355545.3904328201,6354061.72638366,25.454722976838227,-32.94219601779494,681.0,681.0,OpenTopoData srtm30m
6919.7274620581475,355575.2075744913,6354065.033657849,25.455042358607407,-32.942170139335765,679.0,679.0,OpenTopoData srtm30m
6949.238095665777,355604.4008937792,6354060.717686941,25.455353873672212,-32.942212917690355,677.0,677.0,OpenTopoData srtm30m
6979.238095665894,355633.2836774771,6354052.606903633,25.45566147325093,-32.94228987270888,677.0,677.0,OpenTopoData srtm30m
7009.238095665955,355662.16646117496,6354044.496120325,25.455969073391532,-32.94236682698466,676.0,676.0,OpenTopoData srtm30m
7037.539313547759,355685.2437762544,6354028.113310361,25.45621329402842,-32.94251760364613,675.0,676.0,OpenTopoData srtm30m
7067.539313547753,355702.69120376726,6354003.708653568,25.45639605229069,-32.942739970353735,676.0,676.0,OpenTopoData srtm30m
7097.539083923854,355720.3030424137,6353979.422662501,25.45658058827155,-32.942961288506,677.0,677.0,OpenTopoData srtm30m
7118.887807149417,355712.8633593095,6353959.412187777,25.456497892228906,-32.943140743511385,680.0,680.0,OpenTopoData srtm30m
7148.887807149173,355688.21954008803,6353942.30423132,25.456231668127142,-32.94329175245835,684.0,684.0,OpenTopoData srtm30m
7178.714759786581,355661.8350201253,6353928.393652253,25.455947329118818,-32.94341369941597,684.0,684.0,OpenTopoData srtm30m
7208.71475978684,355634.0907371551,6353916.980731396,25.455648839499208,-32.94351294411881,681.0,681.0,OpenTopoData srtm30m
7238.693055040013,355606.0425322925,6353906.397896697,25.455347229235795,-32.94360466287011,678.0,678.0,OpenTopoData srtm30m
7268.6930550399375,355577.48800052924,6353897.197966492,25.455040420563932,-32.943683844023155,676.0,676.0,OpenTopoData srtm30m
7298.693055040148,355548.933468766,6353887.998036286,25.454733611373282,-32.94376302440536,675.0,675.0,OpenTopoData srtm30m
7328.691595221406,355520.262793903,6353879.171665803,25.45442561823076,-32.9438388201993,675.0,675.0,OpenTopoData srtm30m
7358.690639927356,355491.56519473536,6353870.431500742,25.454117350188586,-32.943913834325585,674.0,675.0,OpenTopoData srtm30m
7388.690639927367,355462.9946258501,6353861.281495629,25.45381037579963,-32.94399256008393,675.0,675.0,OpenTopoData srtm30m
7418.690639927378,355434.42405696487,6353852.131490516,25.453503400894824,-32.94407128507065,676.0,676.0,OpenTopoData srtm30m
7445.81555389685,355426.52196617593,6353826.183120258,25.45341482012848,-32.944304219536164,677.0,677.0,OpenTopoData srtm30m
7475.715551284326,355422.15602429723,6353796.603593634,25.45336348504427,-32.944570364846825,677.0,677.0,OpenTopoData srtm30m
7505.715551283764,355413.1911714095,6353767.974388045,25.45326311690972,-32.94482733196783,677.0,677.0,OpenTopoData srtm30m
7535.715551284109,355404.2263185217,6353739.345182455,25.453162748166594,-32.94508429898078,677.0,677.0,OpenTopoData srtm30m
7565.694034565484,355396.97525501275,6353710.2568422165,25.45308063451332,-32.9453456329369,676.0,676.0,OpenTopoData srtm30m
7595.694034565481,355390.4267961079,6353680.980269911,25.453006004681324,-32.9456087571849,675.0,675.0,OpenTopoData srtm30m
7625.694034565478,355383.87833720306,6353651.703697605,25.452931374376366,-32.9458718813645,675.0,675.0,OpenTopoData srtm30m
7654.496603055926,355388.12542278384,6353623.215977168,25.452972319539512,-32.946129322129075,674.0,674.0,OpenTopoData srtm30m
7684.361405195382,355397.09679175477,6353594.730525695,25.453063788857328,-32.94638736809616,672.0,672.0,OpenTopoData srtm30m
7714.3614051946815,355401.7849990099,6353565.099111407,25.453109272509234,-32.946655180101885,672.0,672.0,OpenTopoData srtm30m
7744.36140519491,355406.47320626513,6353535.467697118,25.453154756402597,-32.94692299208808,672.0,672.0,OpenTopoData srtm30m
7774.361405195138,355411.16141352034,6353505.83628283,25.453200240537424,-32.947190804054785,673.0,672.0,OpenTopoData srtm30m
7804.316400423527,355405.9049565183,6353476.346091258,25.453139393135515,-32.94745602560789,671.0,671.0,OpenTopoData srtm30m
7834.290681911149,355399.8329335843,6353446.993270471,25.453069844759746,-32.94771990040202,671.0,671.0,OpenTopoData srtm30m
7864.290681910745,355391.0879015618,6353418.296155374,25.452971812081298,-32.94797750849736,672.0,672.0,OpenTopoData srtm30m
7894.155871580533,355383.96173273213,6353389.293616315,25.452891044027062,-32.948238084976175,674.0,674.0,OpenTopoData srtm30m
7924.155871580105,355381.64946925966,6353359.382858424,25.452861616051393,-32.94850748859446,675.0,675.0,OpenTopoData srtm30m
7953.98320932171,355377.1095930202,6353329.903041592,25.45280843184735,-32.94877271124494,675.0,675.0,OpenTopoData srtm30m
7983.98320932173,355368.09978511446,6353301.28795184,25.45270757830207,-32.94902954432474,672.0,672.0,OpenTopoData srtm30m
8013.983209321733,355359.08997720876,6353272.672862088,25.452606724145667,-32.94928637729561,670.0,671.0,OpenTopoData srtm30m
8043.978832957109,355351.3584155803,6353243.690791906,25.452519482326327,-32.94954668863666,671.0,671.0,OpenTopoData srtm30m
8073.978832957038,355343.8166210403,6353214.6542401975,25.45243426093534,-32.949807516303885,672.0,671.0,OpenTopoData srtm30m
8103.851261649636,355338.3657533402,6353185.283335593,25.452371348688736,-32.950071635866216,671.0,671.0,OpenTopoData srtm30m
8133.851261649328,355336.476736194,6353155.342867757,25.452346440216765,-32.950341363205396,670.0,670.0,OpenTopoData srtm30m
8163.851261649016,355334.58771904785,6353125.402399922,25.452321531559495,-32.95061109052389,669.0,670.0,OpenTopoData srtm30m
8193.188938987609,355326.96588649455,6353097.0720808245,25.452235563442585,-32.95086553915526,670.0,670.0,OpenTopoData srtm30m
8223.188938987778,355312.9899118215,6353070.52641956,25.45208191773417,-32.95110305303802,671.0,671.0,OpenTopoData srtm30m
8253.134310384648,355303.5268141489,6353042.1155932695,25.451976243343758,-32.95135798334231,672.0,671.0,OpenTopoData srtm30m
8283.134310384385,355294.68349104404,6353013.448615116,25.45187715657826,-32.95161530544311,670.0,670.0,OpenTopoData srtm30m
8313.134310384992,355285.84016793926,6352984.781636962,25.451778069210462,-32.951872627438064,669.0,670.0,OpenTopoData srtm30m
8343.07607195563,355278.5097325174,6352955.751070269,25.451695104598716,-32.95213342842801,670.0,670.0,OpenTopoData srtm30m
8373.076071955085,355273.3607529627,6352926.196239708,25.45163538805131,-32.952399245920155,670.0,670.0,OpenTopoData srtm30m
8403.07607195546,355268.211773408,6352896.641409146,25.45157567111426,-32.95266506336224,669.0,669.0,OpenTopoData srtm30m
8433.063640932942,355260.4333673534,6352867.680216276,25.451487924839444,-32.95292517919421,669.0,669.0,OpenTopoData srtm30m
8463.063640932443,355252.38511499943,6352838.779945793,25.451397301527887,-32.95318470981061,668.0,668.0,OpenTopoData srtm30m
8493.016810673591,355245.25409735716,6352809.688005931,25.4513164575977,-32.95344609028078,668.0,668.0,OpenTopoData srtm30m
8523.016810673105,355241.05597560987,6352779.983195314,25.45126688501253,-32.953713385969074,668.0,668.0,OpenTopoData srtm30m
8552.87722021918,355235.5690416711,6352750.63123432,25.451203583303016,-32.95397732899869,668.0,668.0,OpenTopoData srtm30m
8582.876870984324,355224.13726558693,6352722.895092887,25.451076953031986,-32.95422591343112,667.0,667.0,OpenTopoData srtm30m
8612.876870983859,355212.91287540173,6352695.074002597,25.450952526739574,-32.95447529120899,667.0,667.0,OpenTopoData srtm30m
8642.822528571842,355203.51236311113,6352666.64210542,25.450847510789306,-32.954730418511076,668.0,668.0,OpenTopoData srtm30m
8672.822528571403,355195.7178147816,6352637.672379562,25.450759586115712,-32.954990608426286,668.0,668.0,OpenTopoData srtm30m
8702.776707488163,355189.64021828363,6352608.341241579,25.45068996768354,-32.95525428494722,668.0,668.0,OpenTopoData srtm30m
8732.58139078592,355183.63609753066,6352579.147583355,25.450621156304678,-32.95551673148161,668.0,668.0,OpenTopoData srtm30m
8762.581390785976,355170.3483757951,6352552.250809365,25.450474803777645,-32.955757500196356,669.0,669.0,OpenTopoData srtm30m
8791.966303280471,355165.2598137592,6352523.309841539,25.450415823530946,-32.956017789511456,669.0,669.0,OpenTopoData srtm30m
8821.966303280433,355164.36549931025,6352493.323174474,25.450401538405284,-32.9562880645691,668.0,669.0,OpenTopoData srtm30m
8851.915317625127,355166.0480001386,6352463.421457948,25.450414827262236,-32.95655791554639,669.0,669.0,OpenTopoData srtm30m
8881.915103180792,355168.99601700273,6352433.566871534,25.45044165915095,-32.95682750946747,670.0,669.0,OpenTopoData srtm30m
8911.915103180918,355172.10201961966,6352403.728092274,25.450470183428546,-32.95709698180543,669.0,669.0,OpenTopoData srtm30m
8941.593393691839,355183.49717514415,6352376.324600558,25.45058774988227,-32.957345594723925,667.0,667.0,OpenTopoData srtm30m
8971.593393691413,355197.0244661712,6352349.547513385,25.450728220410795,-32.95758884205594,667.0,667.0,OpenTopoData srtm30m
9001.430111610753,355206.69755152194,6352321.3223268315,25.450827239942768,-32.95784463561991,667.0,667.0,OpenTopoData srtm30m
9031.4301116113,355214.1492563075,6352292.262524771,25.450902369138962,-32.9581076602563,668.0,667.0,OpenTopoData srtm30m
9061.429910425706,355221.58507479494,6352263.1988613345,25.450977328224386,-32.95837071756109,667.0,667.0,OpenTopoData srtm30m
9091.429910426157,355228.3034385902,6352233.96081099,25.451044586452777,-32.95863525212065,665.0,665.0,OpenTopoData srtm30m
9121.424945896097,355234.4851283283,6352204.609680436,25.451106087023216,-32.95890073511515,665.0,665.0,OpenTopoData srtm30m
9151.424945895942,355240.1354232645,6352175.146582039,25.4511618865271,-32.95916715722137,664.0,664.0,OpenTopoData srtm30m
9181.382581575674,355246.6287768502,6352145.9011329105,25.451226737939557,-32.95943172855358,664.0,664.0,OpenTopoData srtm30m
9211.382581575583,355255.94678339694,6352117.384913771,25.451321917035774,-32.95969009893662,664.0,664.0,OpenTopoData srtm30m
9241.14265844374,355267.84796700417,6352090.108110367,25.451444921483663,-32.959937635872166,663.0,663.0,OpenTopoData srtm30m
9271.114913738282,355283.96774351917,6352064.839772619,25.45161336502028,-32.960167621534104,663.0,663.0,OpenTopoData srtm30m
9301.114913737845,355295.6684723677,6352037.21563563,25.45173417217746,-32.960418263580166,664.0,664.0,OpenTopoData srtm30m
9331.114913738267,355307.3692012162,6352009.59149864,25.451854979992497,-32.96066890551985,664.0,664.0,OpenTopoData srtm30m
9361.114881024543,355318.9180892436,6351981.903573068,25.45197415431508,-32.96092010241191,664.0,664.0,OpenTopoData srtm30m
9391.101001469307,355330.2709805267,6351954.149667418,25.45209122248703,-32.961171868167774,662.0,662.0,OpenTopoData srtm30m
9421.101001468542,355337.56967029243,6351925.05105701,25.452164715077576,-32.96143522175799,662.0,662.0,OpenTopoData srtm30m
9451.087521676645,355344.4109445068,6351895.8553662095,25.452233300160596,-32.96169939005796,663.0,663.0,OpenTopoData srtm30m
9481.08752167662,355349.5606440565,6351866.300661093,25.45228373554778,-32.96196657136919,663.0,663.0,OpenTopoData srtm30m
9507.103338002735,355343.65355763386,6351840.9643427115,25.452216567302838,-32.962194249220595,663.0,663.0,OpenTopoData srtm30m
9537.103338003155,355320.1265413564,6351822.350382759,25.451961986659533,-32.96235897459226,662.0,662.0,OpenTopoData srtm30m
9567.103338002951,355296.59952507896,6351803.736422808,25.45170740507984,-32.96252369941265,662.0,662.0,OpenTopoData srtm30m
9597.06480262911,355276.77259584185,6351781.273514724,25.451491794627724,-32.962723620881384,662.0,662.0,OpenTopoData srtm30m
9627.064802629515,355257.2455980535,6351758.498608415,25.451279342302463,-32.962926395055476,662.0,662.0,OpenTopoData srtm30m
9656.778130334473,355231.67920835264,6351743.357883169,25.45100349041174,-32.96305952922759,662.0,662.0,OpenTopoData srtm30m
9686.758330378147,355205.8348413529,6351728.163111403,25.450724655830303,-32.96319311322046,661.0,661.0,OpenTopoData srtm30m
9716.758330378432,355180.3461082728,6351712.341465281,25.450449525761137,-32.963332396365345,661.0,661.0,OpenTopoData srtm30m
9746.758330378178,355154.85737519275,6351696.519819161,25.450174394844304,-32.96347167887532,661.0,661.0,OpenTopoData srtm30m
9776.758330378463,355129.36864211265,6351680.69817304,25.44989926307981,-32.963610960750415,660.0,661.0,OpenTopoData srtm30m
9806.171944232336,355107.4618542233,6351661.0703019295,25.4496618452539,-32.96378503882,661.0,661.0,OpenTopoData srtm30m
9836.171944231806,355090.12326300546,6351636.588201232,25.4494725256736,-32.96400349425549,661.0,661.0,OpenTopoData srtm30m
9866.171917300833,355072.74240379705,6351612.136123257,25.44928275775827,-32.96422167303638,661.0,661.0,OpenTopoData srtm30m
9896.171917300624,355055.3361351052,6351587.702093499,25.449092719948265,-32.96443968537554,662.0,662.0,OpenTopoData srtm30m
9925.82088761726,355045.9079719266,6351559.592109865,25.44898744068876,-32.96469190380824,662.0,662.0,OpenTopoData srtm30m
9955.820887617007,355038.6447123676,6351530.484635557,25.448905160832176,-32.964953404238656,660.0,660.0,OpenTopoData srtm30m
9985.798398488685,355042.3777814936,6351500.740470533,25.448940404461514,-32.96522210669145,660.0,660.0,OpenTopoData srtm30m
10015.798398488501,355046.2331037057,6351470.989227019,25.448976954862992,-32.96549088919887,661.0,661.0,OpenTopoData srtm30m
10045.448256813088,355055.75443005806,6351442.909724831,25.449074376786637,-32.965745350138334,662.0,662.0,OpenTopoData srtm30m
10075.448256813801,355068.66673903185,6351415.830724166,25.449208229525446,-32.96599123982478,663.0,662.0,OpenTopoData srtm30m
10104.971830654174,355088.71913468745,6351394.161786933,25.449419311604935,-32.966189294590734,662.0,662.0,OpenTopoData srtm30m
10134.955885293959,355110.74026625336,6351373.812013048,25.449651661689703,-32.96637571542514,660.0,661.0,OpenTopoData srtm30m
10164.955885293768,355131.95623696205,6351352.601577247,25.44987526449162,-32.96656978962777,661.0,661.0,OpenTopoData srtm30m
10193.96115807188,355160.16399763414,6351345.846720712,25.450175935208645,-32.96663444405064,662.0,661.0,OpenTopoData srtm30m
10223.961158071928,355189.96329962445,6351342.382388036,25.450494149024408,-32.96666963796751,661.0,661.0,OpenTopoData srtm30m
10253.170363372914,355218.816710959,6351346.927531452,25.45080350591914,-32.96663248316495,660.0,660.0,OpenTopoData srtm30m
10283.170363372712,355246.98924234987,6351357.238131581,25.45110648673478,-32.966543249437706,660.0,660.0,OpenTopoData srtm30m
10313.105317362575,355274.0086580024,6351370.124273291,25.45139753754639,-32.96643063802431,661.0,661.0,OpenTopoData srtm30m
10343.105317362686,355300.4635370629,6351384.271335668,25.4516827472663,-32.96630658116037,662.0,661.0,OpenTopoData srtm30m
10373.102682775954,355327.0565418721,6351398.15132223,25.451969391703976,-32.966184950190204,661.0,661.0,OpenTopoData srtm30m
10403.102682776256,355353.89104348427,6351411.564357801,25.45225854518397,-32.96606756110859,659.0,659.0,OpenTopoData srtm30m
10433.101207206739,355380.6182390521,6351425.186710208,25.45254658300216,-32.9659482696726,657.0,657.0,OpenTopoData srtm30m
10463.101207206726,355407.17373138946,6351439.143996001,25.45283283604931,-32.96582593465462,657.0,657.0,OpenTopoData srtm30m
10493.101207206662,355433.7292237267,6351453.101281795,25.4531190883273,-32.96570359895464,659.0,658.0,OpenTopoData srtm30m
10523.067272071637,355455.1934280769,6351474.0118766,25.453351972316508,-32.9655178891925,658.0,658.0,OpenTopoData srtm30m
10553.066297195752,355476.3844687721,6351495.245842378,25.453581984186755,-32.96532922689992,656.0,656.0,OpenTopoData srtm30m
10583.06629719582,355497.35537776485,6351516.698603879,25.45380967476965,-32.965138562084874,654.0,654.0,OpenTopoData srtm30m
10613.035904419343,355519.49724200275,6351536.895514662,25.45404969244273,-32.964959376051354,654.0,654.0,OpenTopoData srtm30m
10643.035904419261,355542.3629929687,6351556.316056178,25.45429733039215,-32.96478728599025,654.0,654.0,OpenTopoData srtm30m
10673.033284414169,355565.11828058696,6351575.861891846,25.45454380547479,-32.964614050987876,654.0,654.0,OpenTopoData srtm30m
10703.033284414138,355587.2512157073,6351596.113637029,25.454783733358624,-32.9644343678116,653.0,654.0,OpenTopoData srtm30m
10733.033284414107,355609.3841508276,6351616.365382212,25.455023660274662,-32.96425468414055,655.0,655.0,OpenTopoData srtm30m
10762.873981921497,355629.2915471002,6351638.5951550715,25.45524009101668,-32.96405686935453,656.0,656.0,OpenTopoData srtm30m
10792.873981921037,355646.80592821754,6351662.951806197,25.455431257538645,-32.963839559211436,656.0,656.0,OpenTopoData srtm30m
10822.864413897645,355664.63890828507,6351687.06426837,25.45562579270208,-32.963624492771295,654.0,654.0,OpenTopoData srtm30m
10852.864413898162,355683.60680148384,6351710.306880694,25.455832330050157,-32.96341741965903,652.0,652.0,OpenTopoData srtm30m
10882.697173239902,355705.7010953431,6351730.352720881,25.4560718064651,-32.963239585366246,652.0,652.0,OpenTopoData srtm30m
10912.69717324004,355729.3600912143,6351748.798639518,25.456327767781726,-32.96307638418916,652.0,652.0,OpenTopoData srtm30m
10942.697173240178,355753.0190870855,6351767.244558156,25.456583728166056,-32.96291318245543,652.0,652.0,OpenTopoData srtm30m
10972.681709565097,355777.64664938615,6351784.348814753,25.45684983747403,-32.962762206148994,652.0,652.0,OpenTopoData srtm30m
11002.681709565086,355802.6023219129,6351800.99857177,25.45711938424825,-32.96261537089536,652.0,652.0,OpenTopoData srtm30m
11032.681709565124,355827.5579944397,6351817.648328788,25.457388930144386,-32.962468535030155,651.0,651.0,OpenTopoData srtm30m
11062.63009750845,355851.7638910561,6351835.282968262,25.457650609600464,-32.96231271867125,650.0,650.0,OpenTopoData srtm30m
11092.630097508292,355874.45567991986,6351854.906492873,25.45789640430169,-32.9621387676667,650.0,650.0,OpenTopoData srtm30m
11122.572440565033,355898.4410444298,6351872.829835113,25.458155768250222,-32.96198031778073,651.0,651.0,OpenTopoData srtm30m
11152.57244056517,355923.4059790247,6351889.465701207,25.458425407445848,-32.96183360603577,652.0,652.0,OpenTopoData srtm30m
11182.553436226644,355947.10709060804,6351907.826458559,25.45868179761763,-32.96167117322343,653.0,653.0,OpenTopoData srtm30m
11212.553436226843,355970.49313794996,6351926.617221975,25.458934884163863,-32.96150482083465,653.0,653.0,OpenTopoData srtm30m
11242.484574320126,355995.43976110406,6351943.1562370835,25.459204309638352,-32.96135897822032,653.0,653.0,OpenTopoData srtm30m
11272.484574320144,356021.24445154396,6351958.4571504975,25.459482718582002,-32.961224412373696,652.0,652.0,OpenTopoData srtm30m
11302.468217331534,356047.8913135354,6351972.203553454,25.45976989152877,-32.96110397425033,651.0,651.0,OpenTopoData srtm30m
11332.468217331583,356074.802526994,6351985.462006991,25.46005981494413,-32.96098797022737,651.0,651.0,OpenTopoData srtm30m
11362.263519325978,356100.1903663432,6352001.057443314,25.460333808818305,-32.960850691662344,651.0,651.0,OpenTopoData srtm30m
11392.263519326065,356123.1822033188,6352020.328546876,25.460582748569145,-32.960679952461504,649.0,649.0,OpenTopoData srtm30m
11422.2325659071,356143.37244079914,6352042.475737747,25.460802170674746,-32.960482909248775,648.0,649.0,OpenTopoData srtm30m
11452.217328566712,356163.6963786295,6352064.521679387,25.461023006054063,-32.96028679621968,649.0,649.0,OpenTopoData srtm30m
11482.217328566245,356185.07564794057,6352085.567506615,25.46125497208642,-32.960099840045615,650.0,650.0,OpenTopoData srtm30m
11512.217296184097,356206.4373337085,6352106.63113494,25.461486751849485,-32.95991272057396,650.0,650.0,OpenTopoData srtm30m
11542.217296184022,356227.74445023714,6352127.750007667,25.461717955591883,-32.95972509530037,650.0,650.0,OpenTopoData srtm30m
11572.215876384585,356249.542960995,6352148.359222664,25.461954334714385,-32.95954212996553,649.0,649.0,OpenTopoData srtm30m
11602.215876385042,356271.4249878554,6352168.881817541,25.462191592625793,-32.959359956217504,649.0,649.0,OpenTopoData srtm30m
11632.10064588691,356287.5697952002,6352194.03026966,25.462368206649256,-32.959135314311375,648.0,648.0,OpenTopoData srtm30m
11662.053622534473,356302.27910378383,6352220.122740816,25.462529613109933,-32.958901970720106,647.0,647.0,OpenTopoData srtm30m
11692.053622534786,356313.80744264665,6352247.8192641195,25.46265724564415,-32.95865374406101,647.0,647.0,OpenTopoData srtm30m
11722.04890752449,356324.28039377584,6352275.926814996,25.462773653259973,-32.95840167199165,647.0,647.0,OpenTopoData srtm30m
11751.948774241222,356339.4042289009,6352301.719675263,25.462939444221416,-32.95817108399068,649.0,649.0,OpenTopoData srtm30m
11781.944632000464,356357.4296800697,6352325.695383655,25.463135985975352,-32.957957263228685,650.0,650.0,OpenTopoData srtm30m
11811.809446744757,356381.0437912032,6352343.978734417,25.463391413803144,-32.957795506604,650.0,650.0,OpenTopoData srtm30m
11841.809446744579,356402.2191252439,6352365.229739764,25.46362121905885,-32.957606668658265,650.0,650.0,OpenTopoData srtm30m
11871.800067855289,356422.42988297326,6352387.387416235,25.463840847874454,-32.95740952773949,650.0,650.0,OpenTopoData srtm30m
11901.421452013528,356447.93396880914,6352402.452873584,25.464115985631228,-32.957277034514846,651.0,651.0,OpenTopoData srtm30m
11931.275940224721,356476.0933874055,6352412.3694057735,25.46441872034299,-32.95719131867996,653.0,653.0,OpenTopoData srtm30m
11960.585796577117,356505.4032267896,6352412.33786729,25.464732207751744,-32.95719545700252,656.0,656.0,OpenTopoData srtm30m
11990.585796577008,356534.9058813392,6352406.897888014,25.46504691425549,-32.957248388836426,660.0,659.0,OpenTopoData srtm30m
12020.31374631209,356559.73573968344,6352390.550743613,25.465309941415633,-32.95739905778582,659.0,659.0,OpenTopoData srtm30m
12050.312833244572,356583.9003450275,6352372.773874785,25.465565631183647,-32.957562530888815,656.0,656.0,OpenTopoData srtm30m
12080.312486528477,356607.93337829923,6352354.8185828375,25.465819886818178,-32.95772759508126,654.0,654.0,OpenTopoData srtm30m
12110.312486528304,356632.3058938987,6352337.326285008,25.466077846618326,-32.95788852846634,654.0,654.0,OpenTopoData srtm30m
12140.240172828711,356657.5485474745,6352321.249132034,25.466345334756507,-32.958036814987224,652.0,652.0,OpenTopoData srtm30m
12170.240172828437,356684.1575528399,6352307.394138947,25.466627784345395,-32.958165242728846,651.0,651.0,OpenTopoData srtm30m
12200.240172828593,356710.7665582053,6352293.539145859,25.4669102347705,-32.95829366985296,648.0,648.0,OpenTopoData srtm30m
12230.240170615905,356737.36952729314,6352279.672570833,25.467192619664576,-32.95842220000382,646.0,647.0,OpenTopoData srtm30m
12260.240170615556,356763.9677979467,6352265.79698082,25.46747495373747,-32.958550810210774,647.0,647.0,OpenTopoData srtm30m
12290.240170615689,356790.56606860034,6352251.921390805,25.46775728864736,-32.95867941980073,648.0,648.0,OpenTopoData srtm30m
12320.208196201389,356815.69491386926,6352235.592775036,25.46802352563949,-32.95882995541713,648.0,648.0,OpenTopoData srtm30m
12350.208196201345,356840.4791712679,6352218.68891201,25.46828598831348,-32.95898563240822,646.0,646.0,OpenTopoData srtm30m
12380.20819620135,356865.26342866657,6352201.785048984,25.468548451919823,-32.959141308870805,644.0,644.0,OpenTopoData srtm30m
12409.943208512172,356886.90334952215,6352181.391795627,25.46877674159945,-32.959328037019446,644.0,644.0,OpenTopoData srtm30m
12439.943208511711,356906.2873432089,6352158.495053747,25.468980513226292,-32.95953704344913,643.0,643.0,OpenTopoData srtm30m
12469.942934847053,356925.89672555745,6352135.79140417,25.469186726622702,-32.95974433796373,643.0,643.0,OpenTopoData srtm30m
12499.942934847322,356945.5481224724,6352113.123748815,25.469393395968122,-32.9599513130995,642.0,642.0,OpenTopoData srtm30m
12529.94280232575,356965.5920910095,6352090.802651754,25.469604319172298,-32.96015521438084,642.0,642.0,OpenTopoData srtm30m
12559.900398825373,356984.62116684654,6352067.664979856,25.469804260892495,-32.96036634554897,642.0,642.0,OpenTopoData srtm30m
12589.900398825293,357002.14771323313,6352043.317081143,25.469987944026517,-32.96058819239828,640.0,642.0,OpenTopoData srtm30m
12619.864754169375,357021.4377513223,6352020.387689051,25.470190711310533,-32.960797479082274,643.0,643.0,OpenTopoData srtm30m
12649.73629989592,357042.29925050266,6351999.007626001,25.470410529114872,-32.9609930007008,645.0,645.0,OpenTopoData srtm30m
12679.736299896033,357067.140336794,6351982.187387243,25.47067362327714,-32.961147926317715,646.0,646.0,OpenTopoData srtm30m
12709.736299896098,357091.9814230853,6351965.367148485,25.4709367183698,-32.96130285140337,646.0,646.0,OpenTopoData srtm30m
12739.312864577647,357119.9868410483,6351955.855590091,25.471234796353393,-32.96139228635703,645.0,645.0,OpenTopoData srtm30m
12769.294508681398,357149.178148772,6351949.0169837605,25.471545974731455,-32.96145777327768,643.0,643.0,OpenTopoData srtm30m
12799.29450868132,357177.0356866777,6351937.88335983,25.471842220289986,-32.96156181396663,643.0,643.0,OpenTopoData srtm30m
12829.070110668636,357205.3732637618,6351928.741795483,25.472143910466816,-32.961647953956124,642.0,642.0,OpenTopoData srtm30m
12859.070110668656,357235.2444008368,6351925.964176026,25.472462992453032,-32.961676908794864,641.0,641.0,OpenTopoData srtm30m
12889.032808767362,357264.8591092208,6351921.410899768,25.472779056307115,-32.9617218407683,641.0,641.0,OpenTopoData srtm30m
12919.03280876741,357294.295622188,6351915.623697997,25.4730930230461,-32.96177787522474,642.0,642.0,OpenTopoData srtm30m
12949.0292623729,357323.64669664885,6351909.434864755,25.473406014035287,-32.9618375193315,643.0,643.0,OpenTopoData srtm30m
12979.029262373042,357352.88995363074,6351902.739200404,25.47371777362252,-32.961901718779984,643.0,643.0,OpenTopoData srtm30m
13009.010046276924,357382.4210832053,6351897.566213883,25.474032848967415,-32.96195222475995,642.0,642.0,OpenTopoData srtm30m
13039.010046276884,357412.09038151545,6351893.124059251,25.474349515896236,-32.961996157933804,640.0,640.0,OpenTopoData srtm30m
13069.0100462769,357441.7596798256,6351888.681904618,25.474666183170708,-32.962040090313344,639.0,639.0,OpenTopoData srtm30m
13098.919743236609,357470.7569880866,6351881.350732417,25.47497521526109,-32.962109985054475,639.0,639.0,OpenTopoData srtm30m
13128.919743236713,357499.3410788357,6351872.24305675,25.47527955270572,-32.962195844219785,638.0,638.0,OpenTopoData srtm30m
13158.904896595299,357527.84616176307,6351862.938774443,25.475583015211,-32.96228346519088,638.0,638.0,OpenTopoData srtm30m
13188.90489659523,357554.7840227854,6351849.7345461985,25.47586911066613,-32.96240604756826,639.0,639.0,OpenTopoData srtm30m
13218.90489659557,357581.7218838077,6351836.530317953,25.4761552069317,-32.96252862931077,639.0,639.0,OpenTopoData srtm30m
13248.828732524184,357606.91434620763,6351820.381763996,25.476422178542354,-32.962677532325486,640.0,640.0,OpenTopoData srtm30m
13278.828732524265,357631.4268465793,6351803.086177115,25.4766817002909,-32.962836689139536,641.0,641.0,OpenTopoData srtm30m
13308.689134996315,357655.2083532388,6351785.028392733,25.476933285911137,-32.96300262299175,642.0,642.0,OpenTopoData srtm30m
13338.689134996164,357673.5128877964,6351761.2598417755,25.477125403952076,-32.963219337304565,642.0,642.0,OpenTopoData srtm30m
13368.68913499605,357691.817422354,6351737.491290818,25.477317522921947,-32.9634360513418,642.0,642.0,OpenTopoData srtm30m
13398.645432024776,357708.44318172324,6351712.572144423,25.47749150756396,-32.9636629213725,640.0,640.0,OpenTopoData srtm30m
13428.645432024825,357724.00697203324,6351686.925147889,25.4776540209589,-32.96389621590236,640.0,640.0,OpenTopoData srtm30m
13458.396210096524,357733.84307556803,6351658.847401129,25.47775489184313,-32.96415068209532,639.0,639.0,OpenTopoData srtm30m
13488.396210096398,357741.47609813226,6351629.834697592,25.477832052890932,-32.96441329170502,639.0,639.0,OpenTopoData srtm30m
13518.204201004035,357742.4560051761,6351600.0428177565,25.477837926988457,-32.96468205987293,638.0,638.0,OpenTopoData srtm30m
13548.188183607535,357741.12679029006,6351570.088312243,25.477819075706098,-32.96495199339754,637.0,638.0,OpenTopoData srtm30m
13578.188183606657,357738.2190134895,6351540.229564211,25.477783353464915,-32.96522085761479,638.0,638.0,OpenTopoData srtm30m
13607.838902849295,357725.9147252681,6351513.252358222,25.47764756345318,-32.96546251300897,638.0,638.0,OpenTopoData srtm30m
13637.838902849664,357711.58373384655,6351486.89666273,25.477490189400605,-32.9656982996127,639.0,639.0,OpenTopoData srtm30m
13667.823035403931,357698.6235988716,6351459.8581142025,25.477347372786287,-32.96594042222598,640.0,639.0,OpenTopoData srtm30m
13697.82303540411,357686.2197437535,6351432.542470732,25.477210462993725,-32.966185115833966,639.0,639.0,OpenTopoData srtm30m
13727.811990270397,357677.8174238265,6351403.754653277,25.477116128952346,-32.96644360619156,639.0,639.0,OpenTopoData srtm30m
13757.811990270204,357669.5609467259,6351374.913179912,25.477023346112176,-32.96670259930538,639.0,639.0,OpenTopoData srtm30m
13787.811990270011,357661.3044696253,6351346.0717065465,25.476930562702112,-32.96696159232413,637.0,637.0,OpenTopoData srtm30m
13817.461837117437,357646.1220186852,6351320.603950432,25.476764213277903,-32.96718925998629,636.0,636.0,OpenTopoData srtm30m
13847.461837117487,357628.50220829144,6351296.323458639,25.476571974114147,-32.9674059034948,634.0,634.0,OpenTopoData srtm30m
13877.20374842893,357612.4033736788,6351271.315283724,25.476395891397527,-32.96762930686482,634.0,634.0,OpenTopoData srtm30m
13907.203748428876,357604.55371028493,6351242.360443289,25.476307439289208,-32.967889374653225,634.0,634.0,OpenTopoData srtm30m
13937.203748428821,357596.7040468911,6351213.405602855,25.476218986633594,-32.9681494423534,634.0,634.0,OpenTopoData srtm30m
13967.130466864173,357586.8115267876,6351185.161195934,25.476108790574035,-32.96840283715293,633.0,633.0,OpenTopoData srtm30m
13997.130466864166,357575.0012441103,6351157.583719199,25.475978182378412,-32.96864996760092,633.0,633.0,OpenTopoData srtm30m
14026.999640018737,357572.2248956255,6351127.843857161,25.47594387696936,-32.968917776069404,633.0,633.0,OpenTopoData srtm30m
14056.80107303518,357571.84403908526,6351098.04485788,25.475935187473333,-32.96918643051994,633.0,633.0,OpenTopoData srtm30m
14086.801073034858,357578.94368544,6351068.897044555,25.47600662022586,-32.969450189701284,635.0,635.0,OpenTopoData srtm30m
14116.80107303544,357586.04333179473,6351039.74923123,25.476078053372724,-32.96971394884339,635.0,635.0,OpenTopoData srtm30m
14146.732667901526,357591.6015596462,6351010.338238822,25.47613295698016,-32.96997987986746,636.0,636.0,OpenTopoData srtm30m
14176.732667900802,357594.57547733525,6350980.486005848,25.476160147058994,-32.970249452268625,639.0,639.0,OpenTopoData srtm30m
14206.636696633475,357595.01999528514,6350950.585281137,25.476160271585147,-32.97051913172283,639.0,639.0,OpenTopoData srtm30m
14236.636696633603,357593.1924511047,6350920.640998173,25.476136083945136,-32.970788907331375,638.0,638.0,OpenTopoData srtm30m
14266.594000148818,357592.1672780225,6350890.701241092,25.476120480217272,-32.97105874685815,637.0,637.0,OpenTopoData srtm30m
14296.594000148867,357594.33250477054,6350860.779479895,25.476139008661274,-32.9713288406035,637.0,637.0,OpenTopoData srtm30m
14326.505401322771,357597.6246608268,6350831.049804002,25.476169622371465,-32.97159734938081,638.0,638.0,OpenTopoData srtm30m
14356.50540132299,357605.49404880963,6350802.100318121,25.476249322600868,-32.97185942052783,638.0,638.0,OpenTopoData srtm30m
14386.50521944269,357613.16918532125,6350773.09891528,25.47632693719492,-32.97212193441694,638.0,638.0,OpenTopoData srtm30m
14416.505219442999,357620.7918888099,6350744.083498834,25.47640398913598,-32.972384567780196,637.0,637.0,OpenTopoData srtm30m
14446.373680121067,357629.99504619424,6350715.6682417095,25.4764980417009,-32.97264199561683,637.0,637.0,OpenTopoData srtm30m
14476.373680120745,357643.55301534827,6350688.906674633,25.476638937555215,-32.97288508006468,635.0,635.0,OpenTopoData srtm30m
14506.373393328002,357657.10449092765,6350662.142140224,25.47677976423478,-32.973128190276526,633.0,633.0,OpenTopoData srtm30m
14536.37339332827,357668.4638008296,6350634.375864302,25.4768969851989,-32.97338004721005,630.0,630.0,OpenTopoData srtm30m
14565.756918882598,357675.5722442653,6350605.865136392,25.476968616434867,-32.97363806226064,630.0,630.0,OpenTopoData srtm30m
14589.977898562378,357674.5652364992,6350581.6650993675,25.47695409726798,-32.97385614789112,632.0,631.0,OpenTopoData srtm30m
